Site,Name,Lat,Long,State,StartYear,0,1,2,3,4,5,6,7,8,9,10,11,12,13,14,15,16,17,18,19,20,21,22,23,24,25,26,27,28,29,30,31,32,33,34,35,36,37,38,39,40,41,42,43,44,45,46,47,48,49,50,51,52,53,54,55,56,57,58,59,60,61,62,63,64,65,66,67,68,69,70,71,72,73,74,75,76,77,78,79,80,81,82,83,84,85,86,87,88,89,90,91,92,93,94,95,96,97,98,99,100,101,102
2012,HALLS CREEK AIRPORT,-18.23,127.66,WA,19100101,26.4,26.3,26,25.2,25.8,26.4,26.2,25.5,25.4,26,26,25.8,25.2,25,26.3,25.5,25.4,25.7,27.6,26.2,26.2,26.6,25.7,26.2,26.4,26.2,27.2,26.3,26.9,25.8,26.4,26.5,27,26.4,25.7,26.2,25.9,27,26.7,25,26.3,26.9,27.9,26.7,26.9,27.5,26.4,27.1,27.9,26.9,26.1,27,26.5,26,27.3,27.1,26.1,25.9,26.4,26.3,27.6,27.3,27.5,28.1,25.6,26.4,25.8,26.5,26.3,27.6,27.6,26.8,25.6,26.7,26.7,27.7,27.5,26.8,27.8,27.6,27.7,27.1,28.4,26.9,26.3,26.9,27.3,26.5,28,26.4,25.6,26.2,26.9,27.1,26.8,28.3,26.3,26.9,26.6,27.8,26.9,25.2,26
3003,BROOME AIRPORT,-17.95,122.23,WA,19100101,27.3,26.6,26.4,25.7,26.4,26.3,26.7,26,26.5,26.5,26.3,26.9,26.3,25.9,26.6,25.6,25.3,25.4,26.3,25.2,26.4,26.3,25.6,26.5,25.6,25.3,26.5,26.3,26.9,25.9,26,26.4,26.3,25.7,26.1,26.1,25.9,26,25.7,25.4,25.6,26,26.2,26.3,26.3,26.2,25.6,26,27.3,27.1,26.3,26.4,26,26,26.3,26.4,26.1,25.8,26.1,25.8,26.9,26.1,26.7,27.1,25.9,26.8,25.1,26.3,26.1,26.7,26.8,26.5,26.1,26.1,26.3,26.4,26.5,26.4,27.4,26.8,27.2,26.3,27.1,26.5,26.2,26.7,26.8,26.1,27.4,26.3,25.9,26.1,26.9,26.9,26.5,27.4,26.4,26.8,26.9,27.3,28,26.4,26.7
3032,DERBY AERO,-17.37,123.66,WA,19100101,28.6,28,27.7,27.4,27.8,27.9,28,27.5,27.7,27.6,27.9,27.8,27.8,27.3,28.5,27.5,27.4,27.6,28.4,27.1,28.3,28.4,27.8,28.3,27.6,27.7,29,28.3,28.8,27.8,28,28.2,28.5,27.2,27.9,28.2,27.7,28.1,27.8,27.4,27.7,27.8,28.9,28.8,28.5,28.4,27.7,28,29.4,28.7,27.7,27.8,27.8,27.1,27.8,27.9,27.8,27.4,28,27.7,28.2,27.5,27.7,29,27.3,28.3,26.8,28,27.7,28.6,28.5,28.3,27.3,27.6,27.2,27.7,28,27.9,28.8,28.6,28.6,28.2,29,28.3,27.3,27.9,28.2,27.8,28.9,27.7,27.1,27.6,28.1,28.1,27.7,29,27.5,28,27.8,99999.9,28.8,27,27.2
4020,MARBLE BAR COMPARIS,-21.18,119.75,WA,19100101,27.9,27.9,27.4,26.9,28,27.3,27.4,26.3,27.1,27.5,26.5,26.7,26.9,26.6,27.6,26.3,27.4,27,27.8,26.8,27.3,26.3,27,26.7,26,26.5,28,27,28,26.4,27.4,27.5,26.2,26.2,27.9,27.3,27,27.2,26.5,26.2,27,27.8,27.3,27.6,27.9,26.8,26.8,28,27.5,99999.9,27,27.2,99999.9,26.6,27.1,27.8,26.1,26.6,26.1,27.1,27.5,26.5,27.8,27.8,26.6,27.5,26.8,28,26.7,27.9,27.8,27.6,27.3,27.5,26.8,27.5,27.8,27.6,27.9,27.9,28.7,29,28.2,28,28.5,27.3,28.7,27.5,28.8,26.8,99999.9,99999.9,27.8,28,27.8,99999.9,99999.9,99999.9,99999.9,99999.9,99999.9,99999.9,99999.9
4032,PORT HEDLAND AIRPOR,-20.37,118.63,WA,19130101,25.6,99999.9,26.3,26,25.5,26,26.4,25.6,26.1,25.8,26,26.5,25.9,26.5,26.3,26.7,25.5,26.5,26,26.1,26.3,25.5,25.8,26.5,26.6,26.8,25.8,26.4,26.5,26.1,25.7,26.3,25.9,26,26.4,25.9,25.4,25.5,25.7,25.5,25.8,26.5,25.9,25.2,26.1,26.3,26.5,25.8,26.2,26.3,25.9,26.3,26.6,25.5,25.9,26,25.9,26.4,25.6,26.8,27.1,26,26.3,25.5,26.3,25.6,26.4,26.9,26.3,26.4,26.3,26.4,26.4,26.3,26.4,26.9,26,26.7,26.8,26.4,26.4,26.8,26.3,27.4,26.2,27.5,26.1,25.8,25.9,27,26.8,27.1,27.3,26.9,26.8,26.9,27.1,27.6,26,26.4,,,
4035,ROEBOURNE,-20.78,117.15,WA,19100101,27.3,26.7,27.2,26.5,27.6,27.1,27.2,26.3,26.9,27.3,27.5,26.5,26.9,26.4,27.2,26.9,27.1,27.5,27.6,26.4,27.3,27,27.5,26.9,25.9,26.2,27.3,26.9,27.8,26.2,27.1,27.2,26.4,26.9,27,26.8,26.3,26.6,26.8,26.4,26.9,27,26.6,27.3,27.2,26.7,26.5,27.5,27,27.8,26.8,27.3,27.2,26.5,27.3,27.5,26,26.6,26.6,27.3,27.3,27,27.9,27.8,26.3,27.4,27.2,27.9,27.1,27.9,28.1,27.4,27.5,28.1,27.6,27.8,27.3,27.8,28,27.3,27.9,28,27.4,27.7,28.3,27.3,28.6,27.5,28.5,27.4,26.8,27,28.4,27.9,28.1,28.3,27.3,27.9,27.5,27.7,28.5,26.6,27.5
6011,CARNARVON AIRPORT,-24.89,113.67,WA,19100101,21.5,21.2,21.5,21.5,21.7,22.1,21.5,21.1,22,21.3,21.5,22,21,21.3,21.6,20.9,21.5,21.6,21.6,21.1,21.8,21.8,22.1,22,22.1,21.3,21.8,21.5,21.6,22,22,21.8,21.5,21.4,21.8,22.2,21.4,21.4,22,22.3,22.1,21.3,21.8,21.4,21.5,22,21.8,22.1,22.2,22.5,21.5,22.3,22.3,22.5,21.5,22.1,21.6,22.2,21.1,22.2,22,21.6,22.5,22.1,22.8,21.8,22.6,22.6,22.5,22,22.4,22.4,22.4,22.6,22.3,22.4,21.7,22.6,23.3,22.4,21.9,22.3,21.7,21.8,23,22.7,23.2,22.3,22.7,22.7,22.6,22.2,22.4,22.4,22,21.8,22.5,22.3,22.1,22.4,22.6,23.3,23.1
7045,MEEKATHARRA AIRPORT,-26.61,118.54,WA,19100101,21.8,21.8,22.4,21.5,22.9,21.6,21.9,20.6,21.6,22.1,21,22.2,21.6,22.3,22.1,21,22.1,21.8,22,21.5,22.5,20.1,21.8,21.6,21.8,21.5,22.8,21.3,22,21.4,22.6,21.9,20.4,21.5,22.1,21.5,20.8,21.2,21.6,22,22.1,21.8,21.1,21.8,22.3,21.2,21.8,22.7,22,23.3,21,22.5,22.5,21.8,21.8,22.4,21.7,22.5,21.1,22.8,22.5,21.6,23,22.2,21.9,21.5,22.6,23.3,22.4,22.8,22.9,22.9,22.7,23.3,22,23,21.8,22.4,22.7,21.9,22.3,23.5,21.5,22.1,23.5,21.9,23,22.3,23.4,22.4,21.5,21.9,23.2,22.9,22.5,23.4,22.5,23.3,22.9,23.2,23.5,22.4,22.6
7176,NEWMAN AERO,-23.42,119.8,WA,19160101,23.6,22.5,23.6,24,23,23.6,23.7,24,24,22.6,23.6,23.5,24,23.4,23.8,21.8,23.3,22.8,22.9,23.4,24.3,23.5,24.2,23.3,24.3,24,22.1,23,23.9,23.5,23,22.9,22.8,22.8,23.5,23.8,22.5,22.9,23,22.3,22.8,23.6,99999.9,24.1,22.5,23.6,99999.9,23,23,23.5,22.5,23,22.4,23.7,24,23.6,24.6,24.2,23.5,99999.9,99999.9,24.8,99999.9,23.4,24.1,24,23.6,24.4,24,99999.9,24.3,24.3,24.6,99999.9,99999.9,25.4,24,23.9,24.8,23.4,25.1,23.1,24.5,22.9,22.3,22.9,24,23.9,23.6,25.2,23.8,24.8,24.7,24.8,25.2,24,99999.9,,,,,,
8051,GERALDTON AIRPORT,-28.8,114.7,WA,19100101,19.5,18.9,19.3,19.4,19.5,20.5,19.3,19.2,20,18.9,19.4,20,18.8,19.3,19.4,19.2,19.3,19.6,19,19,19.5,19.5,19.7,20,19.7,19,19.6,19.4,19.5,19.6,19.8,20,19.1,19.1,19.1,20,19,19.3,19.9,20.1,19.6,18.8,19.5,19,19.1,19.6,19.2,19.5,19.8,20,18.8,19.9,20,20.5,19.4,19.9,19.2,20,18.4,19.6,19.5,19,20.5,19.3,19.8,19.6,20.5,20.2,20.5,19.4,19.5,20,19.9,20.4,19.5,19.8,19,19.8,20.5,19.8,19.3,19.9,19.5,18.9,20.2,20,20.5,19.8,20.1,20.3,20.5,19.5,20,19.7,19.6,19.2,20.5,20.1,20.2,20.1,20,21,99999.9
9021,PERTH AIRPORT,-31.93,115.98,WA,19100101,18,17.5,18.2,17.8,18,18.7,17.6,17.3,18.5,17.6,18.5,18.7,17.3,17.8,17.6,17.5,17.7,17.9,17.7,17.4,18.3,17.8,18,18.4,18,17.4,18.2,18,17.6,17.9,18.1,18,17.7,17.5,18,18.3,17.5,17.8,18.3,18.7,18.1,17.4,17.6,17.6,17.8,17.7,17.5,18.1,18.4,18.5,17.2,18.7,18.7,18.8,17.8,18,17.5,18.5,17,18.2,18.3,17.5,19,18,18.3,18.3,18.9,18.9,19.3,18.3,18.3,18,18.3,19,18,18.9,17.8,18.6,19.2,18.5,18,18.6,18,17.8,19.2,18.9,19.1,18.9,18.9,19.3,18.8,18.1,18.7,18.8,18.6,18,18.6,18.5,18.5,18.9,19,19.9,19.2
9193,ROTTNEST ISLAND,-32.01,115.5,WA,19100101,18,17.5,18,18,18.2,18.5,17.5,17.4,18.5,17.5,18.2,18.5,17.3,17.5,17.6,17.8,17.7,18,17.9,17.4,18.4,18,18.1,18.6,18.5,17.6,18.2,18.1,17.8,18,18.3,18.3,18.1,17.9,18.3,18.5,17.6,18,18.5,18.5,18.1,17.7,17.8,17.9,18,18,17.8,18.5,18.5,18.7,17.4,18.7,18.8,18.6,17.7,18.1,18,18.7,17.1,18.1,18,17.5,19.2,18.2,18.5,18.5,18.9,18.6,19.2,18.5,18.3,18.2,18.5,19.3,18.5,19.2,18,18.6,19.2,18.8,18.8,19,18.8,18.3,19.2,18.9,19,19,18.8,19.4,19.3,18.5,18.9,18.9,18.8,18.2,19,18.8,18.9,18.9,19,20,19.8
9510,BRIDGETOWN POST OFF,-33.96,116.14,WA,19100101,14.6,14.5,15.1,14.4,14.6,15.5,14.1,13.9,15,14.6,14.8,15.4,14,14.8,14.3,14.6,14.9,14.7,14.8,14.4,15.5,14.8,15,15.4,15,14.4,14.9,14.9,14.1,14.5,15.1,15.3,14.8,14.3,14.5,15.1,14.7,14.5,14.9,15.3,14.8,14.8,14.4,14.8,14.9,14.6,14.6,15.3,15.5,15.3,14.2,15.7,15.7,15.8,14.3,15,14.5,15.4,14,14.9,15.2,14.3,15.8,14.7,14.9,14.9,15.4,15.6,15.7,15.1,15.1,14.9,15.1,16,14.9,15.4,14.6,15.3,16,15.3,14.9,15.7,15.4,14.9,16,15.9,15.8,16.1,15.9,16.3,15.9,15.4,15.9,16.2,15.9,15.5,15.8,15.9,15.8,16,16,16.8,99999.9
9518,CAPE LEEUWIN,-34.37,115.13,WA,19100101,16.3,16.1,16.6,16.5,16.8,17,16.6,15.7,16.7,16.2,16.7,17,16.2,16.3,16.4,16.5,16.3,16.4,16.4,15.9,16.6,16.3,16.7,17,17,16.3,16.5,16.8,16.3,16.6,16.6,16.5,16.4,16.1,16.8,16.8,16.1,16.5,17,17.3,17,16.3,16.5,16.4,16.6,16.2,16.6,17,17,17,16,17.3,17.3,17.1,16.2,16.8,16.6,17,15.9,16.6,16.6,16,17,16.3,16.7,16.9,17.2,16.8,17.3,17.1,16.8,16.5,17,17.8,17,17.6,16.5,17,17.4,17.5,16.9,17.3,17.1,16.5,17.5,17.2,17.7,17.4,17.2,17.6,17.5,17,17,17.3,17.1,16.8,17.3,17.3,17.3,17.4,17.6,18.3,18.1
9519,CAPE NATURALISTE,-33.54,115.02,WA,19100101,15.9,15.6,16,15.9,16,16.5,16,15.6,16.5,16,16.5,17,15.9,16,16.1,16.4,16,16.3,16.2,15.8,16.6,16,16.3,16.6,16.6,15.9,16.6,16.7,16.2,16.5,16.8,16.5,16.5,16,16.5,16.6,16.5,16.3,17,17.3,16.8,15.9,16.5,16.3,16.7,16.5,16.4,16.7,17,17.2,15.9,17.3,17.5,17.3,16,16.6,16.5,17.3,15.9,16.6,16.7,16.3,17.9,16.6,16.9,17.1,17.4,17.5,17.9,17,17,16.6,16.9,17.8,17,17.2,16.3,16.7,17.5,17.3,16.6,17.1,16.9,16.5,17.5,17.5,17.4,17.3,17,17.9,17.5,17,99999.9,17.6,17.4,99999.9,17.5,17.5,17.5,17.4,17.5,18.4,18.1
9741,ALBANY AIRPORT,-34.94,117.8,WA,19100101,14.6,14.6,14.6,14.6,14.9,15.3,14.8,14.1,15.3,14.5,15.1,15.6,14.4,14.7,14.5,14.4,14.5,14.6,14.6,14.3,15.3,14.6,14.9,15.1,15.3,14.5,15.1,15,14.9,15,15.1,14.9,14.8,14.3,15,15.2,14.6,14.8,15.1,15.4,15.3,14.8,14.4,14.7,14.8,14.5,14.5,15.3,15.2,15.4,14.1,15.6,15.4,15.5,14.6,15.3,14.8,15.3,14.2,15.2,15,14.5,15.6,14.8,15.1,15.1,15.4,15.3,15.7,15,14.9,14.8,15,15.8,15.3,15.3,14.6,15,15.4,15.3,14.8,15.5,14.9,14.4,15.7,15.3,15.3,15.5,15.3,15.7,15.6,15.2,15.4,15.6,15.4,15.2,15.4,15.5,15.3,15.5,15.4,16,99999.9
9789,ESPERANCE,-33.83,121.89,WA,19100101,16.7,16.5,17.3,16.6,17.1,16.8,16.2,15.8,16.9,16.8,16.7,17.4,16.4,16.6,15.7,16.2,16.4,16.4,16.2,15.8,17,16.1,16.4,16.7,17,16.1,16.4,16.6,16.4,16.3,16.5,16.4,16.2,16,16.4,16.8,16.2,16.2,16.5,16.4,16.6,16.3,15.8,16.1,16.1,16,15.8,16.7,16.5,17,15.7,17.2,16.9,17,16.3,17,16.2,16.6,16.1,17,16.4,16.1,17,16.6,16.6,16.8,16.9,17,17.1,17,17.2,16.8,17.3,17.7,16.8,17.4,16.5,16.8,17,17,16.8,17.4,16.5,16.5,17.3,16.8,17,17,17,17.1,16.9,16.8,17,17,16.9,16.8,17,17.1,16.9,17.1,17.3,17.7,17.6
9842,JARRAHWOOD,-33.8,115.66,WA,19100101,14.9,14.5,15.3,14.8,14.9,15.9,14.8,14.4,15.5,14.9,15.4,15.8,14.5,15,14.9,14.9,15,14.9,15,14.4,15.5,15,15.3,15.5,15.6,14.6,15.4,15.5,15,15.1,15.2,15.6,15.2,14.8,15.1,15.3,14.7,14.9,15.6,16,15.4,14.9,15.1,15,15.1,15.3,15.1,15.9,15.5,15.6,14.3,15.7,15.9,16.2,15,15.6,15.1,15.9,14.4,15.3,15.5,14.7,16.1,15.4,15.6,15.5,15.6,15.8,16.1,15.3,15.4,14.7,15.3,16.3,15.1,15.7,14.8,15.4,16.1,15.4,15,15.8,15.5,15,15.7,15.8,15.5,15.8,15.5,16.2,15.6,15.3,15.3,16.1,15.6,15.1,15.4,15.6,15.5,15.8,15.8,16.7,16.3
10073,KELLERBERRIN,-31.62,117.72,WA,19100101,16.5,16.2,17.3,16.8,17.5,17.5,16.5,15.9,17.5,16.9,17,17.7,16.7,17.3,16.7,16.9,17,17,17.3,16.7,18,16.8,17.3,17.5,17.5,17.3,17.8,17.5,18,17.1,17.7,17.6,16.7,16.4,17.1,17.6,16.9,16.9,17.3,17.6,17.3,17,16.8,17,17,16.5,16.7,17.7,17.7,18,16.5,18,18,17.9,17,17.8,17,17.8,16,17.4,17.5,16.5,18.2,17.2,17.4,17.3,18,18.2,18,17.5,17.5,17.3,17.8,18.1,17,18,17,17.8,18.1,17.8,17.3,18.4,17.6,17.5,18.5,17.6,18,18.1,18,18,17.5,17.1,17.9,99999.9,99999.9,99999.9,99999.9,99999.9,17.8,99999.9,99999.9,99999.9,99999.9
10092,MERREDIN,-31.48,118.28,WA,19130101,17.1,18.1,18.2,17.1,16.3,18,17.5,17.5,18.3,17.4,17.9,17.1,17.1,17.4,17.4,17.5,16.9,18.3,16.8,17.6,17.5,17.9,17.2,18,17.6,17.8,17.4,18,17.7,16.9,16.7,17.5,17.8,17.2,16.8,17.8,17.8,17.4,17,16.9,17,17.3,17,17,17.9,17.5,18,16.1,17.6,17.7,17.6,16.5,17.5,16.7,17.8,16.3,17.9,17.6,16.8,18.4,17.1,17.4,17.5,18.3,18.7,18.8,18,18.2,17.3,18.2,18.5,17.3,18.5,17.3,18.2,18.3,17.8,17.5,18.8,17.7,17.8,18.8,18,18.5,18.5,18.8,18.5,18.1,17.6,18.6,18.6,18.4,18,18.4,18.5,18.5,18.8,19,99999.9,19.1,,,
10311,YORK,-31.9,116.77,WA,19100101,16.8,16.6,17.4,16.6,17.5,17.5,16.2,15.6,17.1,16.8,17,17.7,16.4,17.1,16.5,16.5,17,16.9,16.8,16.1,17.7,16.5,16.8,17,16.8,16.5,17.3,17.1,17.1,17.3,17.3,17.1,16.6,16.7,17.1,17.6,17.1,16.9,17.3,17.5,17.3,16.9,16.7,17,17,16.4,16.8,17.5,17.5,17.7,16.3,17.5,17.7,17.8,16.8,17.4,16.7,17.5,16.1,17.2,17.4,16.2,18,16.9,17.1,17,17.6,17.7,17.7,17,17.4,16.8,17.1,18,17,17.8,16.5,17.5,17.7,17.3,16.9,18,17.4,17.3,18.3,17.5,18,17.3,17.6,17.8,17.5,17.1,17.6,17.7,17.4,16.9,17.4,99999.9,99999.9,99999.9,17.6,18.3,17.6
10579,KATANNING COMPARISO,-33.69,117.56,WA,19100101,15,15.1,15.8,14.9,15.9,16,15,14.4,15.8,15.4,15.6,16,14.7,15.2,14.6,14.8,15.1,15.3,15.3,14.7,16.1,15.1,15.3,15.7,15.3,14.9,15.5,15.5,15.6,15.1,15.8,15.6,15,14.6,15.4,15.9,15.2,15.3,15.8,15.9,15.8,15.3,15,15.4,15.5,14.8,15,16,15.9,15.9,14.6,16.1,16.1,16.1,14.9,15.9,15.5,16,14.6,15.9,16,14.9,16.5,15.2,15.4,15.5,15.9,16,16.3,15.8,15.6,15.3,15.8,16.3,15.3,16.2,15.2,16,16,15.8,15.3,16.1,15.6,15.3,16.4,15.8,16,16.4,15.9,16.3,16.1,15.6,15.9,16.3,99999.9,15.7,99999.9,16,15.6,16,16.1,16.5,99999.9
10917,WANDERING,-32.67,116.67,WA,19100101,15,14.6,15.4,14.4,15.3,15.7,14.8,14.2,15.6,14.9,15.1,15.8,14.4,15.3,14.5,14.6,14.9,14.7,15,14.4,15.7,14.6,15,15.4,15.1,14.8,15.5,15,14.8,15,15,15.2,14.7,14.3,15,15.6,14.6,14.7,15.3,15.5,15,14.6,14.4,15,14.9,14.4,14.6,15.4,15.4,15.7,14.4,15.6,15.8,16,14.8,15.3,14.9,15.4,13.9,15,15.4,14.6,16,15.1,14.9,14.9,15.6,15.9,16,15.5,15.5,15.3,15.6,16.2,14.9,15.8,14.8,15.5,15.6,15.3,15,16,15.6,15.4,16.1,15.9,16.3,16.3,16.8,16.3,15.9,15.6,16,16.2,16,99999.9,16.1,16,15.8,16.3,16.2,16.9,16.4
12038,KALGOORLIE-BOULDER,-30.78,121.45,WA,19100101,17.8,18.3,18.9,18.1,18.7,18.1,17.6,16.7,18.4,18.4,17.9,18.8,18,18.3,17.8,17.7,18.1,17.9,18,17.4,18.4,16.6,17.9,17.9,18.2,17.5,18.6,18.3,18.2,17.7,18.5,18.1,17.1,17.2,18.3,18.5,18,17.9,17.8,18,18.5,18,17,17.8,17.9,17,17.6,18.6,18,18.7,16.9,18.6,18.5,17.8,17.8,18.6,17.5,18,17.3,18.5,18.2,17.9,19,18.3,17.9,17.7,18.5,19.2,19,18.9,19.1,18.2,18.8,19.1,18,18.8,18,18.4,18.6,18.3,18.3,19.5,17.6,18.1,19.4,18,19,18.7,18.9,18.4,17.9,18.1,19.4,19,18.9,19.3,19.1,19.5,18.9,19.3,19.1,18.8,19
12074,SOUTHERN CROSS,-31.23,119.33,WA,19100101,17.6,17.5,18.5,17.8,18.2,18.1,17.5,16.2,17.9,17.8,17.5,18.5,17.5,18.2,17.4,17,17.3,17.3,17.6,17.1,18.4,17.1,17.8,17.9,18,17,18.1,17.7,18.1,17.6,18.1,18,17.3,16.8,17.6,17.9,17.2,17.3,17.8,17.7,17.8,17.5,16.9,17.4,17.5,17,17.3,18.4,17.8,18.3,16.9,18.5,18.4,17.8,17.5,18.4,17.4,18,17,18.1,17.8,17.1,18.5,17.5,17.7,17.5,18.2,18.5,18.3,18.1,18.3,17.5,18.3,18.6,17.6,18.3,17.5,18.3,18.3,18,17.9,19,17.6,17.7,18.8,17.8,18.4,18.4,18.8,18.4,17.9,17.8,18.9,18.7,18.4,18.4,18.5,99999.9,99999.9,99999.9,99999.9,99999.9,99999.9
13017,GILES METEOROLOGICA,-25.04,128.29,WA,19570101,22.9,22.2,22.8,21.9,22.8,22.3,23.3,22.5,23.5,22,21.9,21.6,22,22.6,22.6,22.9,22.8,20.7,22,21.6,22.9,22,23,23.8,22.8,22.3,22.2,22.1,23.2,23.1,22.5,22.8,21.9,23,23.9,22.2,22.7,23,22.8,23.9,23,23.5,22,21.4,21.3,22.9,22.9,22.9,23.5,23,22.9,23.2,23.5,22.3,22.2,22.4,,,,,,,,,,,,,,,,,,,,,,,,,,,,,,,,,,,,,,,,,,,,,,,
14015,DARWIN AIRPORT,-12.42,130.89,NT,19100101,26.8,26.5,26.8,26.1,26.5,27,27.1,26.5,26.4,26.3,27.2,26.9,26.4,26.2,27,26,27,27,27,26.3,26.5,27.1,26.8,26.5,26.5,26.5,27,27,27.1,26.5,26.3,26.5,99999.9,26.1,99999.9,26.8,99999.9,27,26.8,26.2,26.4,27,27.4,26.8,26.7,27.3,26.8,26.7,27.5,26.8,26.5,26.6,27.1,26.3,27,26.8,27.3,26.8,27,27.3,27.5,26.9,27,27.8,26.6,27.1,26.7,26.6,27.4,27.5,27.3,27.5,26.9,27.6,27.3,27.5,27.8,27.8,28.1,27.6,27.7,27.5,28,28,27.4,27.6,27.9,27.5,28.5,27.2,27.3,27.6,27.8,28,27.5,28.2,27.1,27.7,27.7,28,28.3,27,27.4
15135,TENNANT CREEK AIRPO,-19.64,134.18,NT,19110101,25.5,26.1,24.8,26.1,26.4,25.6,25,25.1,25.3,25.4,24.9,25.3,25.3,25.6,25.4,25.8,25.5,27,25,24.9,26,25.6,25.2,26,26.2,26,25.8,26.4,24.5,25.5,24.9,26.8,26.2,25.4,25.8,24.8,25.9,25.8,24.8,24.9,25.7,26,25.3,26,26.4,25.2,25.6,26.8,26.6,25.6,26.1,25.6,25.8,26.1,26,25,24.9,25,25.6,25.8,25.8,25.9,26.1,24,25,24.3,24.4,24.8,26.1,26.9,26,25.1,25.9,25,26.2,26.8,26,27,25.9,26.9,26.3,26.9,25.6,25.8,26.3,26.8,25.5,26.9,26,24.8,24.8,26.3,25.8,26,27.1,25.3,26,26.6,26.2,25,24.3,25.4,
15590,ALICE SPRINGS AIRPO,-23.8,133.89,NT,19100101,20.2,20.4,20,19.7,20.4,21,20,19.2,20.2,20.2,19.4,19.5,20,20.1,20,19.8,20.5,20.3,21.8,19.8,20.2,19.5,19.4,19.6,20.1,20.2,20.3,19.7,20.3,19.4,19.6,19.9,21.3,20.1,19.8,19.9,19.6,20.3,19.5,19.1,19.8,20.3,19.9,20.1,20,20.8,19.6,21,20.8,20.7,20.1,20.6,20.5,20.9,20.5,21,19.5,19.8,20,20.1,20.2,21.1,20.3,21.3,19,19.8,18.9,19.9,19.9,21.2,22.1,21.3,20,20.6,20.2,21.1,21.1,21,21.2,20.4,21.8,22.1,21.7,21.6,21,21.2,22.4,20.9,22,21.8,20.5,19.9,21,21.5,21.8,22.2,22,21.6,21.5,22.1,19.8,20.5,20.8
16001,WOOMERA AERODROME,-31.16,136.8,SA,19500101,18.6,19.2,18.2,18.8,18.5,18.5,18,19.3,18.4,19.4,18.6,19.3,19,19.1,18.5,19.5,18.4,19.1,19,18.7,18.6,18.9,19.3,19.6,18.8,19.2,18.5,19.8,18.7,19.5,19.8,19.7,19.7,19.7,18.8,19.1,18.8,19,19.6,18.7,19.7,20.1,18.5,19.5,19.5,19.1,19.3,19.5,19.1,19.8,20,19.4,19.8,19.8,19.9,20,19.9,20.4,19.5,20.4,19.3,19.9,19.5,,,,,,,,,,,,,,,,,,,,,,,,,,,,,,,,,,,,,,,,
16098,TARCOOLA AERO,-30.71,134.58,SA,19220101,18.9,19.1,17.7,18.3,18.3,18.1,18.5,17.7,19.5,17.8,18.6,18.6,19.3,18.5,18.5,18.8,19,18.9,18.8,18.7,19,18.3,18.9,18.3,17.8,18.8,18.5,18,18.8,19.3,18.1,18.9,18.5,18.7,18.2,18.9,18.5,19.4,18.8,19.8,19.4,19.5,18.4,19.7,18.5,18.9,18.9,18.5,18.3,18.9,19,19.5,18.8,18.8,18.1,19.5,18.8,19.5,19.8,19.8,19.6,19.6,19,19.4,19.3,19.4,19.8,18.9,19.8,20,18.5,19.5,19.4,19.4,19.5,19.8,19.4,19.6,20,19.3,99999.9,19.7,19.8,20,19.9,99999.9,19.4,20.5,19.3,19.9,19.6,,,,,,,,,,,,
18012,CEDUNA AMO,-32.13,133.71,SA,19100101,16.5,16.5,16.9,16.5,17.5,16.7,16,16,16.9,17.4,16.6,17.5,16.8,17.1,16,16.5,16.6,16.5,16.7,16,17.3,16.1,16.5,16.3,17.3,16.7,16.4,16.5,16.7,17,16.6,16.6,17,16.2,16.4,16,16.1,17,16.1,15.8,16.5,17.1,15.9,16.5,16.5,16.9,16,16.8,16,16.8,16.2,17.2,16.6,17,16.5,17.5,16.7,16.8,17,16.4,16.6,16.5,16.8,17.5,17,17.3,16.4,17.2,16.4,17,17.3,17.3,17.5,17,16.5,16.9,16.5,16.5,17.2,16.9,17.3,17.4,16.5,17,17.1,17,16.9,16.8,17,17.4,17.6,17.1,17.1,17.2,17.1,17.5,17.1,17.9,17.6,18,17.3,17.5,17.3
18192,PORT LINCOLN AWS,-34.6,135.88,SA,19100101,15.3,15.4,15.6,15.3,16.1,15.5,14.8,14.6,15.5,15.8,15.4,16,15.2,15.4,14.5,15.1,15.4,14.8,15.3,14.6,15.7,14.6,14.6,14.6,15.7,15.1,15.1,15.3,15.1,15.3,15,15.1,15.3,14.6,14.6,14.6,14.5,15,14.6,14.4,15.1,15,14.3,14.9,14.8,15.1,14.7,14.9,14.6,15.4,14.9,16,15.6,14.9,14.9,15.4,15.3,15.6,15.5,15.3,15,15.3,15.4,15.9,15.8,15.6,14.9,15.3,15.5,16,16.2,15.8,15.7,15.5,15.2,15.6,15.5,15.8,16.3,15.9,16.3,16.2,15.4,15.7,15.4,14.6,15.2,15.3,15.7,15.8,16.4,16.1,16.1,16,16.3,16.5,16.2,16.9,16.3,16.7,16.1,16.5,16.5
19062,YONGALA,-33.03,138.75,SA,19100101,13.8,13.9,13.8,13.8,15.1,13.8,12.8,12.9,13.9,14.1,13.4,14.2,13.6,14.1,12.6,13.3,13.6,13.7,14.3,13.4,14.7,13.2,13.3,13.4,14,13.6,13.9,14.1,14.2,14.2,14,14,14.3,13.2,13.9,13.4,13.2,13.6,13.6,12.9,13.6,14,12.8,14,14,13.9,13.4,13.7,13.4,14.1,13.6,14.6,14.3,14.3,13.5,14.4,13.6,14.4,14.1,13.7,13.6,13.9,14.2,14.6,13.6,14.1,13.6,14.7,13.9,14.8,14.8,14.8,14.6,14.4,13.8,14,13.9,14.1,15.1,14.1,15,15.1,13.9,14.6,14.6,14.2,14.4,15,14.9,15.4,15.6,14.8,14.8,15.1,15,15.4,15.2,15.8,15,15.6,14.7,15.1,14.9
21133,RAYVILLE PARK,-33.77,138.22,SA,19100101,15.9,16.2,15.9,15.8,17.1,15.8,15.2,15.2,16,16.4,15.6,16.5,15.8,16,14.9,15.6,15.6,15.6,16,15.3,16.5,15,15.2,15.1,16.4,15.6,15.8,15.8,15.9,16,15.8,15.6,15.9,15,15.8,15.4,15.1,16,15.3,15,16,16.1,14.9,15.8,15.6,15.9,15.5,16.1,15.4,16.4,15.3,16.4,16,16,15.2,16.6,15.8,16.3,16,15.5,15.4,16,16,16.6,16.1,16.4,15.8,16.5,15.6,16.3,16.5,16.7,16.8,16.3,15.8,16,15.8,15.7,16.8,16.1,16.8,16.9,15.8,16.3,16.1,15.8,15.5,15.9,16,15.8,16.8,16.3,16.2,99999.9,99999.9,16.8,16.5,17.2,16.4,17,16.2,99999.9,16.5
22801,CAPE BORDA,-35.75,136.59,SA,19250101,14.1,14.3,14,14.3,13.9,15.1,13.9,14.3,14,14.9,14.3,14.3,14.6,14.4,14.9,14.3,14.1,14.1,13.7,14,14.1,13.8,14.4,14,13.8,14.6,14.4,13.5,14.1,14,14.3,13.9,14.1,13.7,14.4,13.8,15.3,14.4,14.4,13.6,14.4,14.1,14.4,14.3,14.1,13.9,14.3,14.5,14.8,14.8,14.7,14.3,14.5,14.3,14.6,14.9,14.6,15.1,14.8,14.5,14.7,14.3,14.3,15.2,14.8,15,14.9,14.4,15.1,14.9,14.6,14.7,15.3,14.9,15.4,15.9,15.2,15.1,99999.9,15.2,15.3,15.2,99999.9,99999.9,99999.9,99999.9,99999.9,99999.9,,,,,,,,,,,,,,,
23090,KENT TOWN,-34.92,138.62,SA,19100101,15.9,15.9,16.1,15.9,17.1,16.1,15.6,15.6,16.5,16.8,16,17.1,15.9,16.3,15.3,15.9,16,16,16.3,15.5,17,15.6,15.8,15.6,16.9,16.1,16,16.3,16.5,16.5,16.3,16.3,16.6,15.6,16,15.8,15.6,16.3,15.7,15.3,16.4,16.3,15.3,16.1,16.2,16.3,15.9,16.3,15.9,17,15.8,17.3,16.8,16.5,15.9,16.9,16.4,16.8,16.5,16.2,16.1,16.6,16.8,17.3,16.8,16.9,16.3,16.8,16,17.2,17.5,17.4,17.5,17,16.6,16.9,16.5,16.9,17.7,17.3,17.5,17.4,16.5,17.4,16.9,16.9,16.5,17.1,17.2,17.3,17.8,17.1,17.2,17.4,17.4,17.6,17.6,18.4,17.6,18.4,17.5,17.8,17.6
24580,STRATHALBYN RACECOU,-35.29,138.89,SA,19100101,14.8,14.9,15.2,15,15.9,15,14.4,14.5,15.1,15.4,14.8,15.6,14.8,15.1,14.3,14.6,15.1,14.8,15.2,14.3,15.3,14.6,14.9,14.6,15.5,14.8,15.1,15.2,15.4,15.3,15.1,15,15.3,14.2,14.7,14.5,14.4,14.8,14.1,14,14.9,15.1,14.1,14.7,14.5,14.7,14.5,14.9,14.6,15.3,14.5,15.9,15.3,15.1,14.5,15.1,15,15.4,15.4,15,14.9,15.3,15.3,15.7,15.3,15.5,14.8,15.4,15,15.5,15.9,15.8,15.8,15.4,15.1,15.5,15.4,15.2,16,15.5,15.9,15.8,14.9,15.6,15.5,15.2,15.3,15.6,15.4,15.4,15.7,15.8,15.8,15.4,15.8,16.1,15.7,16.6,15.7,16.4,15.8,15.9,16
26005,CAPE NORTHUMBERLAND,-38.06,140.67,SA,19100101,13.7,13.4,13.5,13.4,14.1,13.4,13.2,13.3,14,14,13.5,14.1,13.6,13.4,12.9,13.4,13.8,13.4,13.5,12.9,13.7,13.1,13.4,13.1,13.9,13.4,13.4,13.5,13.6,13.5,13.2,13.1,13.4,12.7,13,13.1,12.9,13.6,12.9,12.6,13.4,13.6,13,13.4,13.3,13.4,13.1,13.1,13.2,13.9,13.4,14.4,13.6,13.5,13.3,13.7,13.4,13.9,13.6,13.2,13.3,13.5,13.6,13.6,13.6,13.9,13.3,13.7,13.9,14.1,14.1,14.4,14.2,14,13.9,14,14,14,14.6,14.5,14.8,14.3,13.7,14.5,14.1,13.6,13.7,14.1,99999.9,14.6,99999.9,14.7,14.2,99999.9,99999.9,99999.9,99999.9,99999.9,99999.9,99999.9,99999.9,99999.9,99999.9
26021,MOUNT GAMBIER AERO,-37.75,140.77,SA,19100101,13.1,13,12.9,12.7,13.6,12.9,12.6,12.5,13.1,13.3,12.8,13.6,12.9,12.8,12,12.7,12.9,12.6,12.9,12.3,13.1,12.5,12.7,12.6,13.4,12.8,12.8,13,13,13.2,12.6,12.8,13.2,11.9,12.4,12.4,12.1,13,12.3,12,13.2,13.2,12.2,12.7,12.6,12.8,12.6,12.3,12.4,13.2,12.6,13.9,13.1,13.1,12.5,13.3,13.1,13.6,13.4,13,12.9,13.4,13.4,13.8,13.9,13.5,13.1,13.3,13.2,13.7,13.9,14,13.8,13.6,13.4,13.7,13.4,13.6,14.4,14,14.1,13.7,13.4,13.9,13.7,13.5,13.3,13.8,13.4,14.1,14.4,14,13.8,13.7,13.7,14.3,13.8,14.9,13.9,14.4,13.9,14.1,14.4
26026,ROBE,-37.16,139.76,SA,19100101,14.8,14.7,14.8,14.5,15.1,14.5,14.2,14.4,14.9,15.1,14.5,15.4,14.6,14.7,14.3,14.5,14.6,14.2,14.5,14,14.8,14.3,14.5,14.5,15.1,14.8,14.6,14.8,14.9,14.8,14.6,14.5,14.8,13.8,14.3,14,13.8,14.8,14,13.9,14.4,14.8,14.2,14.6,14.4,14.2,14.3,14.3,14.1,14.4,14.2,15.1,14.5,14.5,14.1,14.6,14.5,14.6,15.1,14.4,14.3,14.7,14.5,15.3,15.2,15,14.6,14.6,14.6,14.6,15.3,15.1,14.6,14.6,14.6,14.8,14.6,14.6,15.4,15.1,15.2,14.9,14.5,15.1,14.8,14.5,14.6,14.8,14.6,15,15.4,15.1,14.8,14.4,14.8,15.1,14.6,15.4,14.8,15.3,14.8,14.9,15.2
28004,PALMERVILLE,-16,144.08,QLD,19100101,25.6,25,25.7,24.5,25,26.5,26.3,25.8,25.2,25.5,26.2,25.3,25.6,25.7,26.1,25.2,26.3,25.8,26,25.3,25.1,26.3,25.9,26,25.9,26.4,26,25.9,26.5,25.5,25.6,25.4,26.6,26.1,24.9,25.3,25,26.1,26,25.3,25.8,25.8,26.8,25.7,25.6,26.1,26,26.5,26.5,25.7,25.8,26.1,26.5,25.5,26.3,25.1,26.1,25.8,25.4,26.4,26.2,26.1,25.8,26.5,25.8,26.1,25.7,99999.9,26.1,25.5,25.9,26.1,25.4,26.7,26.1,26.5,26.3,27.1,27,26.5,26,26,26.7,26,26.3,26.8,26.3,25.8,27,26,25.6,26.4,26,99999.9,25.8,26.1,99999.9,99999.9,25.6,99999.9,26.5,99999.9,25.8
29063,NORMANTON AIRPORT,-17.69,141.07,QLD,19100101,27.4,26.6,27.3,26.4,27.6,28.7,27.3,26.1,26.2,26.7,27,26.8,26.5,26.7,27.1,26.3,28,27.6,28,26.4,26.8,27.9,27.2,27.1,27.3,27.8,27,27,27.6,26.2,26.8,26.2,28,27,26.6,27,26.5,26.7,26.7,26.4,26,26.2,27.6,26.9,26.9,27.3,26.3,26.8,27.3,27,26.6,27.1,27.3,26.8,27,26.9,27.3,27.3,27.2,27.5,27.4,26.9,26.4,27.6,26.5,26.9,26.3,26.5,27.4,27,27.5,27.2,26.8,27.7,26.8,27,28,27.8,28.5,27.3,27.6,27.3,28,27.6,27.4,27.7,27.8,27.1,28.1,27.1,26.8,27.4,27.7,28.1,27.6,99999.9,27.3,99999.9,99999.9,27.6,27.8,26.5,27.1
30018,GEORGETOWN POST OFF,-18.29,143.55,QLD,19100101,25.6,24.9,26.2,25,25,26.7,25.7,25.2,24.8,25.5,25.6,25.6,25,25.5,25.6,25,26.6,26,26.3,25,25.3,26.8,26,25.6,25.8,26.4,26.1,25.2,26.1,24.8,25.2,25,26.5,26.1,25.5,25.7,25.2,26,25.4,24.6,25.1,25.2,26.8,25.3,25,25.8,25,24.8,25.8,25.8,25.1,25.2,25.1,24.9,25.6,24.9,25.6,25.3,25.7,26.3,26.7,26.1,25.3,26.9,25.1,26.1,25,25.5,26,25.6,25.8,25.5,25.1,26.5,25.7,26.5,26.7,26.4,27,25.8,26.1,25.6,26.6,26.5,26.7,26.6,26.7,26,27,25.9,25.3,26,25.8,26.7,26.1,26.9,26,99999.9,99999.9,99999.9,99999.9,99999.9,99999.9
30022,HUGHENDEN AIRPORT,-20.82,144.23,QLD,19100101,23.5,22.9,24.2,22.9,24,24.9,24.6,23.5,23.4,24.5,24.1,24.4,24.2,23.9,24,23.8,25.9,24.5,25.3,24.5,23.8,25.5,24.7,23.8,24.1,24.8,24.4,24.3,25,23.8,24.1,23.2,24.9,24.2,24.3,24.6,24.4,24.1,24.3,23.6,23.3,23,24.7,24,23.6,23.9,23.2,24.6,25.1,24.2,23.5,23.9,24,23.8,24.3,24.3,23.6,24.6,24.3,24.9,24.3,24.1,23.7,25,23.3,24.1,23.4,24,24.3,24.6,25,23.8,24.2,24.9,23.8,24.3,25.3,25,25.5,24.3,24.8,24.1,25,25.1,24.6,25.5,25.4,25.1,25.9,24.6,24.2,24.7,24.6,25.5,25.1,25.5,25,24.8,24.4,24.1,24.2,23.5,23.6
30045,RICHMOND POST OFFIC,-20.73,143.14,QLD,19100101,24.5,24,25,23.6,25,26.3,25,24,23.8,24.8,24.3,25.2,24.5,24.6,23.7,23.8,25.5,24.4,25.3,24,23.6,25.4,24.8,24.3,24.6,25.2,24.5,24.1,24.9,23.8,24.2,23.5,25.5,24.3,24.2,25.2,24.5,25,25.2,24.4,23.6,23.8,25.5,24.1,24.2,24.5,23.7,24.5,25.6,25,24.4,24.7,24.9,24.4,24.8,24.9,24.4,24.9,24.5,25.3,24.9,24.8,24.5,25.7,24.1,24.5,24.2,24.8,24.8,24.8,25.6,25,24.8,25.5,24.1,25,25.8,25.6,26,24.8,25.2,24.5,25.3,25.7,25.1,25.6,25.6,25.2,26.3,25.5,24.6,25.3,25.5,26,25.4,26.3,25.3,24.9,24.7,25,25,99999.9,24.4
31011,CAIRNS AERO,-16.87,145.75,QLD,19100101,24.1,23.7,24.3,24.2,23.8,25,24.8,24.5,24.1,24,24.4,24.4,24.5,24.6,25.1,24.2,25,24.6,24.8,24,24.5,24.6,24.5,24.9,24.5,24.4,24.4,24.3,24.7,24,24.4,23.8,24.8,24.8,23.8,24.1,24,24.5,24,23.8,24.1,24.1,24.8,24,24.3,24.4,24.8,24.2,24.8,24.1,24.3,24.3,24.8,24.1,24.9,23.8,24.3,24.3,24.5,24.5,24.8,24.9,24,25.4,24.5,24.9,24.6,24.4,24.6,24.5,24.8,25,24.1,25.2,24.8,24.8,25.4,25.2,25.5,24.9,25.1,24.9,25.3,24.8,24.9,25.5,25.1,24.4,25.9,24.9,24.7,25.1,25.3,25.3,25,25.5,25,99999.9,25.3,25.3,26,24.9,25
31017,COOKTOWN MISSION ST,-15.45,145.19,QLD,19100101,24.8,24.3,25,24.1,23.9,25.6,25.4,25,24.4,24.5,24.8,24.6,24.7,24.5,25.1,24.7,25.5,25.2,25.3,24.9,25,25.5,24.9,24.9,24.7,24.9,25.3,24.3,25.5,24.4,25,24.5,25.9,25.5,25,24.9,24.9,25.5,25.5,25.1,25,25.2,25.8,24.7,24.8,25.5,24.7,25.1,25.7,24.8,25.1,24.9,25.1,24.5,25.4,24.5,24.8,24.6,24.9,25.5,25.6,25.6,24.7,25.6,25.2,25.5,25.1,25,25.5,25.2,25.6,25.7,24.8,25.9,25.5,25.3,25.5,25.4,26,25.5,25.7,25.3,25.8,25.4,25.5,26,25.5,25,26.5,99999.9,25.1,25.5,99999.9,99999.9,99999.9,99999.9,99999.9,99999.9,99999.9,99999.9,99999.9,99999.9,99999.9
31193,ATHERTON SHIRE COUN,-17.26,145.48,QLD,19100101,20.3,19.9,20.9,19.6,19.1,21.4,20.5,20.3,20,20,20.5,20.2,20.1,20,20.5,20,20.7,20.4,20.8,20,19.7,20.9,20,20.6,20.1,20.5,20.6,20.3,20.5,19.8,19.9,19.7,20.9,20.8,19.9,20,19.8,20.7,20.4,20,20.4,20.3,20.7,20,20,20.5,20.6,20.1,20.9,20,20,20,20.7,19.9,20.5,19.5,20.1,19.9,20.5,20.5,20.5,20.6,19.6,21,20.2,20.4,20,19.6,20.2,20.1,20.5,20.7,20.1,21,20.5,20.7,21.1,21,20.8,20.5,20.5,20.1,20.7,20.3,19.8,20.7,20.4,19.8,21.2,20.2,20.3,20.5,20.5,20.7,20.5,20.6,20.3,99999.9,99999.9,99999.9,99999.9,99999.9,99999.9
32004,CARDWELL EDEN ST,-18.26,146.02,QLD,19100101,22.9,23.4,23.5,22.5,23.1,23.6,23.5,22.4,22.6,23,23,23.5,23.2,23,22.8,22.7,23.6,23.8,23.5,23.3,23,23.8,22.9,23.2,23.6,23.5,23.4,23.3,24.2,23,23.6,23,24,24.1,23.7,24,23.9,24.4,23.9,23.6,23.6,23.4,24.3,23.5,24,24.3,24.3,24.3,24.4,23.7,23.4,23.4,24.1,23.4,24.4,23.4,23.8,23.6,23.8,24.2,24.4,24.5,23.4,24.8,23.8,24.4,24.2,23.9,23.8,23.8,24.1,24.3,23.5,24.6,23.8,24.1,24.6,24.5,24.7,24.2,24.4,24.3,24.8,24.5,24,24.4,24.3,23.7,25,24,23.8,24.2,24.1,24.4,24.3,99999.9,24,23.8,24,24.2,25.2,99999.9,23.7
32025,INNISFAIL,-17.53,146.03,QLD,19100101,23.2,23.3,23.5,22.5,23.2,24.4,24.3,23.7,23.3,23.1,23.9,23.7,23.5,23.1,23.8,23.2,24.5,23.6,23.8,23.4,22.8,23.8,23.2,23.8,23.1,23,23,23.1,24,23.5,23.3,22.9,24.8,23.7,23.3,23.4,23.3,23.6,23.5,22.8,23.4,23.3,24.1,23.4,23.1,23.2,23.8,23.4,24.3,23.4,23,23.4,23.9,23.3,24,23,23.3,23.5,23.6,23.8,23.9,24,23,24.6,23.6,23.9,23.5,23.3,23.5,23.6,23.8,24.3,23.3,24.8,24.1,24.3,24.6,24.5,24.6,24,24.1,24,24.5,24.1,23.9,24.5,24.5,23.9,25.4,23.8,24,24.5,24.3,24.5,24.4,24.6,24.2,24.1,24.3,24.4,25.1,23.9,24
33002,AYR DPI RESEARCH ST,-19.62,147.38,QLD,19100101,23.5,22.9,23.6,22.5,23,24.3,23.7,22.3,23,22.8,22.9,23,23,23.1,23.3,22.7,23.4,23.1,23.5,23.1,23.2,24,23.1,23.6,23.4,23.8,23.4,23.6,23.3,22.8,23.1,22.5,23.9,23.3,22.4,23.2,22.9,23.5,23.1,23.2,23,23.2,23.6,22.9,23.1,23.5,23.1,23.3,23.7,23,22.3,23,23.8,23,24,23.8,23.5,23.8,23.5,24.3,23.5,23.4,23,24,23,23.5,22.9,23.1,23,23.6,23.9,23.4,23.2,23.8,23.3,23.2,24,24.3,24,23.1,23.1,23.3,23.8,23.6,23.5,24,24,23.4,24.7,23.6,23.2,24.2,24,24.3,99999.9,24.4,23.7,23.5,23.6,23.8,24.3,99999.9,23.3
33119,MACKAY MO,-21.12,149.22,QLD,19100101,22.5,22.1,22.5,22.1,22.5,23.1,22.6,21.9,22,22.3,22.3,22.5,22.5,22.4,22.5,21.3,22.6,22,22,22,22,23,22.1,22.4,22.1,22.4,22.6,22.2,22.7,23,22.7,21.8,23,22.1,21.9,22.5,22,22.7,22.4,22.1,21.9,21.7,22.4,21.7,22.2,22.3,22,21.7,23,22.4,21.8,21.8,22.5,22.3,22.9,22.3,22.3,22.3,22.4,22.9,22.5,22.7,22,23.1,22.1,22.6,22.3,22.3,22.4,22.5,23,22.8,22.1,22.9,22.6,22.6,22.9,23.2,23,22.4,22.6,22.8,23.4,23.1,22.7,23.2,23,22.7,23.5,22.7,22.4,23,23.2,23.3,23.3,23.7,23,22.8,22.8,23.3,23.3,22.5,22.7
33257,BOWEN AIRPORT,-20.02,148.22,QLD,19100101,23.8,22.9,23.7,22.9,23.3,24.2,23.9,23,23,23.1,23.5,23.6,23.4,23.4,23.9,23.1,24,23.5,23.4,23.2,23.3,24.3,23.8,23.3,23,23.4,23.2,23.3,24,23.5,23.4,22.8,24,24,23,23.3,23.2,23.9,23.1,23.2,23.3,23.5,23.8,23.3,23.5,23.6,23.5,23.4,23.7,23.5,23,23.3,23.4,22.8,24,23.1,23.5,23.2,23.4,24,23.6,23.5,23.1,24.5,22.8,24,23.3,23.3,23.5,23.5,24,23.8,23.5,24.1,24,23.9,24.5,24.5,24,23.5,23.8,23.8,24.5,24.4,23.8,24.4,24.2,23.8,24.8,24,23.4,24.2,24.4,24.5,99999.9,24.8,99999.9,99999.9,99999.9,24,99999.9,23.1,23.3
34084,CHARTERS TOWERS AIR,-20.04,146.27,QLD,19100101,23,22.6,23.9,22.5,23.5,24.1,22.3,22.3,22.8,23.3,23.5,23.1,23.5,23,23,22.7,23.6,22.6,23.4,22.9,22.6,24.1,23.4,23.1,22.9,24,23.2,23.2,23.4,23,23,22.3,23.8,23.8,22.9,23.3,22.9,23.5,23.7,22.9,22.5,23.2,24.1,23.4,22.3,23.4,22.8,23.4,23.8,23.5,23,23.2,23.9,23.1,24.1,23.1,23.6,23.5,23.3,24.2,23.9,23.7,23.2,24.3,23,23.8,23.5,23.3,23.3,23.6,23.9,23.7,23.5,24.3,24,24.1,24.8,25,24.6,23.6,23.8,24.1,24,24.4,24.1,24.5,24.6,23.8,24.3,23.5,22.8,24.1,24.3,24.5,24.3,24.4,99999.9,23.6,23.6,23.8,23.8,22.8,23.2
36007,BARCALDINE POST OFF,-23.55,145.29,QLD,19130101,22.6,24,24.7,23.4,22,22.6,24,23.5,22.8,22.7,23.5,22.5,22.9,24.5,23.5,23.3,23.2,22.6,23.4,23.1,23,22.8,23.5,23,23.5,24,23.1,23.6,22.1,23.9,23,23.3,23.7,23.4,23.2,23.5,22.4,22.1,22.5,23.3,23.3,22.6,22.7,21.7,23.3,23.8,23.3,22.7,22.7,23.3,22.8,23.6,24,23.2,23.5,23.3,24,23.3,23.2,23.3,24.2,22.4,23.3,22.5,23.4,22.5,23.8,23.9,23.5,23.8,23.9,23.1,23.3,24.3,24,24.5,23.2,23.2,23.8,23.7,24.3,23.7,24.4,24,23.6,24.3,23.6,23,23.4,24.3,24.5,24,24.6,24,23.7,23.3,24.1,22.7,22.7,23,,,
36031,LONGREACH AERO,-23.44,144.28,QLD,19100101,22,22.3,23.5,22.1,24,24.1,22.8,21.3,22,22.8,22.7,22.8,23.3,23.2,22.3,22.5,23.8,23.1,23.6,23.2,23,23.4,23,23,22.9,23,23,23,24,22.5,23,22,24.3,23.4,23.5,23.5,23,22.9,22.9,22.4,22.1,22.7,23.9,23.3,22.7,22.6,21.7,23.6,24.7,24.1,23.3,23,23.6,23,23.7,24,23.1,23.5,23.5,23.8,23.2,23,23,24.5,22.8,23.5,22.5,22.9,22.9,24,23.8,23.6,23.6,24,23,23.6,24.3,24.1,24.5,22.9,23.2,23.5,23.8,24.7,23.2,24.1,24.1,23.9,24.4,23.1,22.8,23.3,24.4,24.8,24.3,24.9,24.3,24,23.5,24,22.6,22.6,23
37010,CAMOOWEAL TOWNSHIP,-19.92,138.12,QLD,19100101,24.3,24.1,24.9,24,25.5,25.7,24.8,24,24.1,25,25.4,24.9,24.4,24.5,24.3,23.7,25.4,24.4,25.7,24.3,24.3,25.2,25.5,25,25.6,25.7,25.4,25.3,25.6,24.8,24.7,23.8,26.3,25,24.5,25.1,24.3,25.1,25,23.8,23.5,24.4,25,24.5,25.1,25.8,23.9,24.7,25.5,25.5,24.5,25.3,25.1,25.3,25.5,25.4,24.6,25.1,25.2,25.4,25.8,25.1,25.7,26.2,23.5,24.5,23.3,24,24.4,25,26.2,25.4,24.6,25.6,24.5,25.5,26,25.6,26.5,25.5,26.3,25,25.7,25.7,25.3,25.1,26,25.6,26.5,25.8,25,25,26.1,25.9,25.7,26.6,25.3,25.7,26.5,25.2,25.2,23.9,25.1
38003,BOULIA AIRPORT,-22.91,139.9,QLD,19100101,23.7,23.5,23.8,22.5,24.1,24.6,23.4,22.2,22.9,24,22.8,23.5,23.8,23.6,23.5,23.8,24,23.9,24.5,22.8,23.9,24.1,23.7,23.5,23.8,24.1,24,24.3,24.8,23.5,23.8,23.6,25.5,24.3,23.5,24.2,23.5,23.7,24.1,22.5,22.7,23.8,23.8,23.3,24,24,22.8,24.5,25.1,24.5,23.6,24.2,24.4,24.5,24.5,24.8,24,24.6,24.5,24.8,24,24.2,24.9,25.1,23.3,24.2,23.3,24,23.9,24.9,25.4,24.3,24.5,24.9,23.8,24.3,24.9,24.6,25.5,24,25,24.8,24.2,25.2,24.4,24.5,25.2,24.4,25.4,25,24.2,24.5,25.9,99999.9,99999.9,99999.9,25.8,25.3,25.5,99999.9,99999.9,24.3,24.9
39039,GAYNDAH POST OFFICE,-25.63,151.61,QLD,19100101,20.5,20.4,20.9,20.3,21.1,21.5,20.8,19.8,20.2,21,20.7,20.6,20.8,20.6,20.5,20,21.4,19.8,20.9,20.5,20.3,21,21,20.8,19.8,20.3,20.9,20.8,21,20.4,20.9,20.8,21.1,20.3,20.8,21.1,21,20.4,20.5,20,20.3,20,20.5,20.3,20.5,20.7,19.6,21,21.3,20.2,20,20,20.4,20.5,20.8,20.7,20.5,20.8,20.6,21.4,20.6,20.6,20.6,21.8,20.5,21.1,21,21.3,20.9,21.4,21.8,20.9,20.8,21.4,20.6,21,21.1,21.5,21.9,20.8,21.3,21.8,21,21.6,21,21.7,21.5,21.8,22.1,21.4,21.3,21.7,21.9,21.8,21.9,22.3,22,21.8,21.2,99999.9,99999.9,99999.9,99999.9
39083,ROCKHAMPTON AERO,-23.38,150.48,QLD,19100101,22,21.8,22.4,21.6,22.3,22.9,22.4,21.1,21.5,22.1,22,21.8,22.2,22.1,22.2,21.5,22.6,21.1,21.5,21.6,21.3,22.3,22,21.6,21.4,22,21.9,21.9,22.2,21.4,22.1,21.4,22.3,21.8,21.8,22.1,22,22.1,22.2,21.9,21.8,21.8,22,21.8,22.1,22,21.4,22.3,22.3,21.8,21.3,21.5,22.3,21.7,22.5,22.1,21.8,21.9,21.7,22.6,22.3,22.3,22,23,21.8,22.5,22.2,22.1,22,22.5,22.8,22.4,22.3,22.5,22.1,22.3,22.5,23,23.1,22.2,22.6,23,22.5,22.9,22.4,22.9,22.8,22.7,23.4,22.6,22.2,23.3,23.5,23.4,23.5,23.6,23,22.9,22.5,23.5,22.9,22.3,22.5
39085,SANDY CAPE LIGHTHOU,-24.73,153.21,QLD,19100101,21.8,21.5,21.8,21.4,21.8,99999.9,21.7,21.3,21,21.4,21.6,21.7,21.8,21.5,21.8,21.3,21.8,21,21.7,21.6,21.1,22.1,21.8,99999.9,21.3,21.9,21.9,21.6,22.1,21.5,22.3,21.9,22.6,22,21.9,22.3,22.1,21.8,21.7,21.6,21.9,21.5,22.3,22,21.8,21.8,21.5,22.3,22.4,21.7,21.1,20.8,21.7,21.5,22,21.6,21.5,21.5,21.8,22.3,22.2,21.8,21.5,23,21.5,22.2,22,22.3,21.9,22.3,22.9,22.3,21.8,22,22,22.1,22.4,22.5,22.7,21.9,22.3,22.8,22.3,22.8,22.4,22.8,22.8,22.6,23.2,22.3,22.2,23,22.9,22.6,22.7,22.8,99999.9,22.5,22.2,99999.9,99999.9,99999.9,99999.9
39123,GLADSTONE RADAR,-23.86,151.26,QLD,19100101,22.7,22.5,22.9,22.8,23.3,23.7,22.2,22,22.2,22.9,22.8,22.4,22.5,22.4,22.7,22.4,23.1,21.9,22.3,22.4,22.2,22.9,22.5,22,21.8,22,22.6,22.6,23,22.2,22.7,22.3,22.9,22.5,22.5,22.8,22.7,22.5,22.2,22,22.3,22.1,22.5,22,22.5,22.5,21.8,22.7,23.4,22.2,22,22,22.3,22,22.8,22.5,22.1,22.3,22.5,22.9,22.9,22.2,22.1,23.3,22,22.6,22.5,22.4,22.7,23.3,23.5,23,23,22.8,22.8,23,23.1,23.2,23.3,22.5,23,23.4,23,23.4,23.1,23.6,23,23.5,23.8,22.8,22.5,23.5,23.5,23.3,23.8,24.4,23.8,23.5,23.1,24.1,23.2,23,23.1
40004,AMBERLEY AMO,-27.63,152.71,QLD,19130101,19.7,20.8,20.6,20,19.4,19.9,20.8,19.6,19.8,20.1,20.3,20,19.1,20,18.8,19.4,19.1,19.6,20,19.9,19.8,18.9,19.5,20.1,19.9,20.2,19.6,20,19.6,20.3,19.4,19.9,20.3,19.5,19.4,19.4,19.3,19.6,19.1,19.7,19.5,19.6,19.9,19.2,20,20.1,19.3,19.1,19,19.1,19.3,19.5,19.8,19.2,19.4,19.6,20,19.3,19.4,19.3,20.8,19.2,19.5,19.5,20.1,19.6,20,20.3,19.7,19.4,19.9,19.2,19.3,19.9,20,20.2,19.5,19.9,20.1,19.5,20.2,19.3,20,20,19.9,20.6,19.5,19.8,19.9,20.3,19.7,20.1,20.7,20,99999.9,19.4,20.3,19.9,19.4,19.6,,,
40043,CAPE MORETON LIGHTH,-27.03,153.47,QLD,19130101,20.4,20.9,21,20.6,19.8,20,20.6,20,20.4,20.3,20.2,20.2,20.1,20.5,19.9,20.3,19.9,20,20.3,20,19.9,19.6,20,20.1,20,20.3,19.9,20.5,20,20.6,19.9,20.2,20.3,20.5,20.8,19.6,19.8,20.1,19.8,20.5,20.5,20.5,20.5,20,20.7,21,20.3,20,20,20.3,20.3,20.6,20.7,20.3,20.5,20.3,20.6,20.5,20.4,20.3,21.5,20.1,20.7,20.6,20.9,20.3,20.5,20.8,20.7,20.5,20.8,20,20.4,20.7,20.8,21,20.5,20.6,21.2,20.7,21,20.6,21,20.8,21,21.5,20.7,20.8,21.4,21.6,21.5,21.6,21.9,21.5,21.5,21,21.8,21.5,21,21.1,,,
40126,MARYBOROUGH,-25.52,152.71,QLD,19100101,21.1,20.5,20.8,20.5,21,21.1,20.9,20.2,20,20.5,20,20.3,20.4,19.9,19,19.9,20.5,19.9,20.4,20.2,20,20.5,20.3,20.1,19.6,20.1,20.6,20.1,20.1,19.9,20.6,20.3,21,20.3,20.1,20.4,20.4,19.4,20.1,20,19.9,19.9,20.3,20.1,20.1,20.4,19.8,19.9,20.3,20,19.6,19.8,20.3,20,20.4,20.2,20,20.2,20.4,21,20.5,20.5,20,21.8,20.4,20.9,20.9,20.9,20.9,21.3,21.5,20.9,20.7,21.4,20.7,20.9,21.2,21.3,21.8,20.8,21.1,21.8,21.1,21.6,21,21.5,21.5,21.7,22.2,21.1,21,21.5,21.6,21.5,21.7,22.1,21.5,21.5,21,21.6,21.4,20.9,21
40842,BRISBANE AERO,-27.39,153.13,QLD,19100101,20,19.9,20.3,19.8,20.8,20.6,20.1,19.5,19.8,20.5,20.1,20,20.3,20.4,20.2,19.4,20.5,19.5,20.1,20,19.8,20.2,20,19.8,19.3,19.8,20.1,20,20.3,19.8,20.4,20,20.7,20,20.1,20.3,20.3,20,20,19.9,20,19.4,20.5,19.9,20,20,19.5,20.2,20.3,19.5,19.3,19.5,19.7,19.6,20,20,19.8,19.8,20.1,20.3,19.7,19.8,19.6,21,19.5,20,20,20.4,20,20.5,20.8,20.3,20,20.4,19.9,20.2,20.5,20.5,20.7,20,20.3,20.6,20.1,20.5,19.9,20.3,20.3,20.3,21,20,20.1,20.5,20.5,20.2,20.6,20.9,20.5,20.6,20.1,21,20.6,20.1,20.3
41521,GOONDIWINDI AIRPORT,-28.52,150.33,QLD,19100101,19.4,19,19.8,19.1,20.5,20.7,19.5,18.5,19.1,20.5,19.2,19.7,19.7,20.1,18.9,19.2,20.2,19.3,20,19.2,19.5,19.3,19.7,19.5,18.8,19.1,20,19.8,20.5,19.5,20.1,19.5,20.1,18.8,19.8,19.6,19.6,18.9,19.1,19.1,19.8,18.9,19.3,19.1,19.4,19.6,18.4,20,20.2,19,19.1,19.3,19,19.8,19.6,20.7,19.7,20.4,20,20.2,19.5,19.3,20,21,19.7,20.2,19.5,20.4,19.4,20.8,21.2,20.5,20.4,20.1,19.3,20,20,20.3,20.4,19.8,20.2,20.5,20,20.7,19.4,19.5,19.3,20.1,20.5,19.5,20,20,20.8,20.2,20.1,20.9,20.5,20.6,19.6,20.9,19.7,19.5,19.8
41522,DALBY AIRPORT,-27.17,151.27,QLD,19100101,18.3,18.1,18.9,18.6,19.3,19.8,18.7,17.6,18,19.5,18.5,19.1,19,19.4,18.5,18.1,19.5,18,19,18.6,18.3,18.8,19,18.6,18,18.3,19.1,18.6,19.5,18.4,19,18.6,19.2,18.1,18.6,18.7,18.9,18.3,18.5,18.3,18.5,19,18.5,18.5,18.5,18.7,18,19.2,19.2,18.4,18.3,18.5,18.4,18.4,18.5,18.8,18.1,18.5,18.7,19,18.4,18,18.2,19.6,18.1,18.5,18.4,19.1,18.5,19.5,19.8,19,19,19.1,18.4,18.8,19,19.2,19.4,18.8,19.2,19.9,18.7,19.6,18.6,19,18.9,19.5,19.8,18.8,19.1,19.5,19.9,19.4,19.8,20.6,20,19.6,18.6,19.8,19,18.5,18.9
42112,MILES CONSTANCE STR,-26.66,150.18,QLD,19100101,19.2,18.9,19.5,19.3,20.2,20.5,19.6,18.8,18.5,20.5,19.3,19.9,19.6,20.1,18.6,18.4,19.8,18.4,19.7,19.3,19.1,19.5,19.5,19.1,18.5,19.2,19.8,19.1,20.3,19.2,19.9,19,20,18.9,19.5,19.9,19.3,19.2,19.5,19,19.1,18.7,19.7,19.4,19.2,19.2,18.5,19.9,20.4,19.6,19,19,18.8,19.4,19.6,20.1,19,19.5,19.5,20.1,19.3,18.8,19.2,20.8,19.3,19.7,19.1,20.3,19.3,20.3,20.8,20.1,19.5,19.9,19,19.6,20,20.4,20.3,19.5,20.1,20.4,19.8,20.8,19.3,20.3,20,20.3,20.5,19.8,20.1,20.2,20.5,20.2,20.3,21,20.5,20.5,19.9,21,19.8,19.5,19.8
43091,ROMA AIRPORT,-26.55,148.78,QLD,19100101,18,18.4,19.6,19.3,20,19.4,19,17.7,18.3,19.8,18.8,19.4,19.3,19.5,18.4,19,20,18.3,19.4,18.5,19,19.2,19.3,18.8,18.5,18.9,19.2,19.3,20.1,19.3,19.7,18.8,19.7,18.5,19.5,19.8,19.6,19,19,19,18.9,18.9,19.3,18.8,18.5,19.3,18.1,20,20.3,19.8,18.9,18.9,18.8,19,19.1,20,19.1,19.6,19.5,19.8,18.9,18.9,19.7,20.3,18.9,19.9,18.9,19.6,18.6,20.1,20.5,19.8,19.6,19.8,18.8,19.5,19.8,20.2,19.9,19,19.9,20.5,19.8,20.9,18.9,19.8,19.6,20,20.8,19.7,19.6,20.5,20.8,20.5,20.3,21.5,21.1,99999.9,99999.9,21.4,19.5,19.2,19.3
44010,BOLLON MARY ST,-28.03,147.48,QLD,19140101,20.8,21,20.1,19,19.5,21,19.7,20.3,20.2,20.5,19.2,19.5,20.5,19.9,20.3,20,20.4,20,20.1,20,19.5,19.9,20.1,19.9,21.3,20.3,20.6,19.4,20.8,19.4,20.5,20.5,19.9,19.4,20,19.6,19.6,19.5,19.6,19.3,19.6,19.5,18.6,20,21,20.3,19.6,20.4,20.5,19.8,20,20.7,19.9,20.5,20,20.5,19.6,19.6,20.4,21,19.1,20.3,18.6,20,19.4,20.4,21.6,20.7,20.4,20.2,19.2,20.1,20.4,20.6,20.6,20,20.4,20.8,20.2,21,19.6,20.8,20.5,20.8,21,20.3,20.5,20.9,21.7,21.7,99999.9,22.2,99999.9,99999.9,99999.9,22,19.8,20.5,99999.9,,,,
44021,CHARLEVILLE AERO,-26.41,146.26,QLD,19100101,20.6,20.3,21.4,19.8,22.4,21.9,20.9,19.5,20.3,21.6,20.9,21,21.3,21.3,19.7,20.1,21.9,20.6,21.5,20.9,20.8,20.3,20.9,20.8,20.4,20.7,20.8,20.7,22,20.5,21.4,19.9,21.5,19.6,20.9,21.1,20.7,20.3,20.6,19.5,20.1,20.5,20.5,20.4,20.3,20,18.9,21,21.7,21,20.3,20.2,20,19.8,20.5,21.5,20.3,21,20.9,21.5,20.6,20.6,21.2,22,20.5,21.1,19.5,20.5,20,21.6,21.8,21.1,21.3,21,20.3,20.8,20.8,20.8,21.5,20.7,21,21.7,21,22,20.3,21.6,21.3,20.5,21.5,20.8,20.7,20.8,21.4,22,21.4,22.4,22.2,21.7,20.4,22.2,19.9,20.4,20.5
44026,CUNNAMULLA POST OFF,-28.07,145.68,QLD,19100101,20.8,20.4,21.4,20.3,21.9,21.8,20.5,20,20.6,22,20.8,21.2,21.5,21.5,20.4,20.5,21.3,20.7,21.5,20.6,20.9,20.6,21.1,20.9,20.8,20.8,20.8,20.8,21.8,20.8,21.5,20.3,21.5,20.4,21.2,21.3,21.1,20.4,20.5,20,20.2,20.8,20.8,20.6,20.6,20.5,19.4,21.3,21.6,21.3,20.6,20.8,20.5,20.7,20.5,21.7,20.6,21.3,21,21.2,20.7,20.7,21.5,22.2,20.5,21.1,19.7,21.1,20.3,21.7,22,21.3,21.7,21.3,20.5,21,21.3,21.4,21.7,21,21.5,21.8,20.9,22,21.1,21.2,21.4,21.8,21.5,21.5,21.3,21.9,22.5,22.4,21.9,22.7,22.6,21.5,21.1,22.5,20.4,21.5,21.3
46037,TIBOOBURRA POST OFF,-29.44,142.01,NSW,19100101,20,19.8,20.6,20.2,21.9,21,19.8,19.5,20.3,21.3,20,21,20.7,21.4,20.3,20.6,20.8,20.4,20.8,20.4,20.9,19.9,21,20.6,20.9,20,20.5,21,22,20.5,22.3,21.5,20.8,19.7,20.5,20.1,20.3,20.2,20.5,19.4,20,20.7,19.5,20.5,19.7,19.8,18.5,21,20.5,21.1,20.1,20.9,20.3,20.3,20.1,21.1,19.8,20.5,20.2,20.6,20,20,21,21.4,19.5,20.5,19.4,20.9,19.9,21.1,21.5,20.6,20.7,21,19.5,20.3,20.4,20.4,21.3,20.4,21.3,21.6,20.4,21.2,21,20.9,21,21.4,21.2,21.4,21.3,21.5,22,21.8,21.6,22.1,21.9,21.7,21.3,22.3,20.1,21,20.9
46043,WILCANNIA (REID ST,-31.56,143.37,NSW,19100101,19,18.8,19.1,19,20.4,19.3,18.5,18.4,18.8,19.9,18.6,19.4,19.8,19.3,18.3,18.5,19.1,18.6,19,18.2,19.2,18.5,18.8,19,19,18.6,18.4,18.8,19.5,19.1,19.4,18.6,19.4,18.4,19,18.9,18.3,18.8,18.4,18.2,18.8,18.9,18.6,18.9,18.6,18.8,17.6,19.2,19.3,19.9,19.1,19.6,19,19.2,18.6,19.6,18.5,19.3,19.3,18.8,18.5,18.6,19.3,19.9,18.4,19.1,18.1,19.2,18.6,19.4,19.9,19.8,19.7,19.9,18.7,19,19.3,19,19.7,19,19.8,19.9,18.5,19.3,19,18.9,19,19.4,19.3,19.5,19.3,19.6,19.8,19.6,19.5,20,19.9,20.1,19.4,99999.9,18.8,19.1,19.1
47007,BROKEN HILL (PATTON,-31.98,141.47,NSW,19100101,17.6,17.4,17.5,17.6,19.2,18,17.3,17.1,17.7,18.6,17.5,18.5,18,18.1,17,17.5,17.8,17.6,18,17.2,18.2,17.6,17.9,17.8,18.1,17.5,17.5,17.7,18.3,18.4,18.5,18.1,18.8,18.4,17.7,17.9,17.8,18,17.5,17.4,17.6,18.7,17.6,18.4,18,17.7,17.1,17.8,17.5,18.4,18.3,18.5,17.9,18,17.4,18.5,17.5,18,18.2,17.9,17.7,17.5,18.3,18.5,17.2,17.6,17.5,18.7,17.9,18.5,18.7,18.6,18.6,18.4,17.6,18.1,17.8,17.7,18.8,17.6,18.5,18.8,17.5,18.2,18.4,18,17.8,18.6,18.4,18.8,19,18.8,19.4,18.8,19,19.2,18.9,19.3,18.5,19.5,18,99999.9,99999.9
48027,COBAR MO,-31.49,145.83,NSW,19100101,18.8,18.1,19.1,18.9,20.8,19.6,18.5,18,18.8,20.1,18.5,19.1,19.3,19.5,17.9,18,19,18.3,18.9,18.4,18.9,17.9,18.6,18,18.5,18.4,17.7,18.8,19.8,18.9,19.5,18.4,18.5,18,18.8,18.4,18.5,18.3,18,17.8,18,18.2,17.9,18.3,18.2,18.1,16.9,18.9,18.7,18.7,18.1,18.7,18,18.3,18,19.3,18.1,19,18.5,18.5,18,18,18.6,19,18,19.3,18,19.4,18.2,19.4,19.7,19.1,19.5,18.5,17.5,18.5,18.6,18.9,19.1,18.5,19,19.6,17.9,19,18.9,18.8,18.8,19.5,19,19.1,18.7,19.4,19.9,19.6,19.9,20.3,20,20.1,19,20.1,18.4,19.1,18.9
48245,BOURKE AIRPORT AWS,-30.04,145.95,NSW,19100101,19.6,18.9,19.8,19.1,20.5,20.4,19.6,19.1,19.5,20.4,19.6,19.8,20.3,20.6,18.7,18.8,19.7,19.4,20.4,19.4,19.6,19,19.6,19.5,19.5,19.5,19.1,19.9,20.5,19.6,20.2,19.4,20,19,20,19.8,19.7,19,19,18.7,19.1,19.4,19.3,19.4,19.5,19.3,18.3,20.1,20,19.4,19.2,19.6,19,19.3,19.2,20.1,19.2,20,19.4,19.9,19.1,19.4,20.1,20.5,19,20,18.7,20,19.1,20.8,20.8,20.1,20.5,19.8,19,20,19.7,20.3,20.2,19.6,20.5,20.8,19.5,20.3,20,20.5,20,20.5,20.2,20.1,19.8,20.4,21.1,99999.9,20.6,99999.9,99999.9,99999.9,99999.9,21,99999.9,99999.9,99999.9
52088,WALGETT AIRPORT AWS,-30.04,148.12,NSW,19100101,18.8,18.6,19.3,18.6,20.1,19.4,18.3,18.1,18.6,19.9,18.3,19.1,18.8,19.4,18.3,18.8,19.5,18.7,20,19,19.3,18.6,19.7,19.5,19.2,19.1,19.4,19.6,20.7,19.6,20.3,19.6,20.2,19,19.9,19.7,19.6,18.8,18.9,18.6,19.2,19,19.9,19.6,19.4,19.2,18.1,20,20,19.3,18.6,19.8,19.1,19.2,19,20.3,19.1,19.8,19.3,19.9,18.7,18.8,19.6,20.5,19.3,19.6,18.7,19.9,19.2,20.5,20.6,20.1,20.1,20,19.4,19.5,19.8,20,20.4,19.5,19.9,20.1,19.4,20,19.3,19.3,19.3,20,19.5,19,19.2,19.6,20.4,20,19.6,20.4,20.4,99999.9,19,20.4,18.8,19.5,99999.9
53115,MOREE AERO,-29.49,149.85,NSW,19100101,18.9,18.9,19.3,19,19.7,20.2,19,18.2,19.1,20.4,18.9,19.5,19.5,19.6,18.3,18.6,20.2,19.3,19.5,18.8,19.4,18.1,19.8,19,18.1,18.5,19.2,19,20.1,18.9,20,18.1,18.9,18.3,19.4,19.3,19.6,18.9,18.9,18.8,19,19.2,19.3,19,18.9,17.9,18,20,19.7,18.6,18.3,18.8,18.1,18.8,18,19.4,18.2,19.3,18.6,19,18.1,17.8,18.5,19.9,18.3,18.7,18,19,18.1,19.5,20,19.4,19.2,18.6,17.9,18.5,18.6,19.2,19,18.5,19.1,19.3,18.4,19.5,19,18.8,18.3,19,19.5,18.9,19.3,19,20,19.4,19.3,20.1,19.8,20,18.8,20.3,19.1,19.3,19.1
55023,GUNNEDAH POOL,-30.98,150.25,NSW,19100101,18.9,18.6,19.4,18.5,20.3,19.5,18.4,17.9,17.4,20.3,18,18.8,19,19.5,18.8,18.3,18.7,18.6,18.3,18,19.1,18.5,19,18.5,17.1,18.4,17.9,17.7,19.3,19,19.5,18.2,18.9,17.7,18.3,18.3,18,17.6,17.9,17.7,17.4,18.1,18.3,18,18.6,17.9,17,18.5,18.8,18.2,17.9,18.3,17.7,18,16.5,18.8,18,18.4,18.1,17.9,17.5,17.5,18,18.5,17.9,18.4,17.6,18.5,17.8,19.1,19.4,18.6,18.5,18.2,17.4,17.5,18.1,18.2,18.4,17.8,18.3,18.5,17.7,18.5,18.1,18.3,17.9,18.8,19,18.6,18.5,18.6,19.5,18.7,18.8,19.3,19.4,19.3,18.3,19.6,18.6,99999.9,99999.9
55325,TAMWORTH AIRPORT AW,-31.07,150.84,NSW,19100101,16.6,16.8,17.1,17.2,17.3,17.5,17,16.3,16.5,18,16.9,17.5,17.2,17.5,16.5,16.6,17.6,16.4,17.7,16.7,17.8,16.9,17.1,16.8,16.4,16.9,17.3,17.3,18.2,17.4,17.9,17,17.5,16.4,17.3,17.4,17.7,16.9,16.5,16.5,17.5,16.5,16.5,16.3,17.1,16.4,16.1,17.5,17.4,16.9,16.4,16.9,16.5,16.7,16.3,18,16.9,17.5,17,16.9,16,16,16.9,18,16.5,16.9,16.3,17.2,16.5,17.5,18.1,17.5,17.6,17,16.1,16.6,16.9,17,17,16.5,16.9,17.3,16.3,16.8,17.5,17,16.8,17.2,17.5,17,16.9,16.9,99999.9,17.1,99999.9,17.9,17.9,17.7,16.5,18.1,17.2,16.9,16.9
56032,TENTERFIELD (FEDERA,-29.05,152.02,NSW,19100101,13.7,13.3,14,14,14.8,14.9,13.9,13.3,13.5,14.5,13.4,14.1,14,14.3,13.6,13.5,14.6,13.4,14.2,13.9,13.9,14.1,14,13.8,13.2,13.5,13.8,13.6,14.4,13.8,14.5,13.6,14.1,13.5,13.8,13.8,13.7,13.6,13.5,13.6,14,13.1,13.9,13.3,13.4,13.9,13,14,14.1,13.7,13.4,13.6,13.3,13.5,13.5,14.1,13.5,13.9,13.6,13.6,13.3,13.3,13.4,15.1,13.1,13.4,13.4,14.2,13.9,14.4,14.8,14.6,14.1,14.4,13.6,13.7,13.8,14.2,14.1,13.9,14.8,14.6,13.7,14.2,13.7,13.9,13.8,14.2,14.8,14.1,14.4,14.1,14.6,14.1,14.6,15,99999.9,14.5,99999.9,99999.9,99999.9,14.1,99999.9
56242,INVERELL (RAGLAN ST,-29.78,151.11,NSW,19100101,14.3,14.3,15.1,15,16.1,15.8,15.1,14.1,14.3,16,14.3,14.7,15.1,15.4,14.2,14.9,16.1,14.9,15.4,14.4,15,15.1,15.4,15.4,14.7,14.5,15.5,15.2,16.1,15.4,16,15.1,15,14.1,14.9,15.4,14.8,14.7,14.3,14.8,15.3,14.3,15,14.6,14.9,14.8,14,15.3,15.6,15,14.3,14.7,14.2,15,14.5,15.8,14.8,15.1,14.1,15.3,14.4,14.4,14.7,16.3,14.5,14.9,14.7,15.4,14.9,15.6,16.1,15.6,15.4,15.6,14.7,15.3,15.2,15.6,15.7,15.2,15.9,15.6,15,15.6,15.3,15.3,14.4,15.5,16.2,15.6,15.6,15.4,15.5,15.3,15.8,16.3,15.9,16.2,15.3,16.5,15.9,15.4,15.5
56243,GLEN INNES AIRPORT,-29.68,151.69,NSW,19100101,12.5,11.9,12.6,12.9,13.6,13.2,12.2,11.7,12.1,13.7,12.1,12.6,12.7,12.5,12,11.6,12.8,11.8,12.6,12.3,12.4,12.6,12.5,12.3,11.8,12,12.2,12.3,13.1,12.4,13.3,12.3,12.8,11.9,12.6,12.8,12.4,12.3,12.1,12.3,12.6,12.3,12.5,12.3,12.5,12.6,11.4,12.6,12.6,12.1,11.9,12.2,11.9,12.4,12.1,13,12.1,12.7,12.4,12.7,12,11.9,12.1,13.5,12.1,12.6,12.1,12.7,12.2,13,13.4,13.2,12.9,13,12.2,12.5,12.4,12.7,12.8,12.3,12.5,13,12.1,13.1,12.6,12.7,12.5,12.9,13.7,12.6,13,12.8,13.4,12.8,13.1,13.7,13,99999.9,12.6,13.7,13.1,12.6,12.7
58012,YAMBA PILOT STATION,-29.43,153.36,NSW,19100101,19,18.3,18.8,18.9,19,19.2,19.1,18.4,18.3,19,18.6,18.9,18.9,18.9,18.6,18.4,18.9,18.5,19.1,18.6,18.8,19,18.7,18.6,18,18.8,19,19.2,19.5,19,19.3,18.9,19.1,18.6,18.8,19.4,19.3,18.6,18.7,18.8,19.3,18.8,19.3,18.9,19.3,19.4,19,19.5,20,19.1,18.8,18.8,19,19,19.3,19.4,19,19.3,19.5,19.8,19.3,18.9,19.1,20.2,19.2,19.6,19.4,19.4,19.1,19.5,20,19.6,19.2,19.5,19,19.3,19.4,19.8,20.1,19.6,19.8,20,19.5,19.6,19.3,19.8,19.8,19.8,20.1,19.4,19.4,19.8,19.9,19.6,19.8,20,19.5,19.9,19.5,20.3,20,99999.9,19.7
58037,LISMORE (CENTRE STR,-28.81,153.26,NSW,19100101,18.6,18.6,18.9,18.7,19.1,19.7,18.6,17.5,18,19.5,18.5,18.9,18.8,19.4,18.4,18.4,19.1,18.4,19.2,18.5,18.8,19.1,18.6,18.6,18.3,18.5,18.9,18.5,19,18.8,19.3,19,19.1,18.3,18.5,19,18.9,18.8,18.5,18.8,19,18.4,19,18.4,18.6,19,18.5,19,19.3,18.6,18.3,18.4,18.5,18.5,18.9,19,18.6,18.8,18.9,19.1,18.7,18.6,18.8,20.1,18.7,18.9,19,19.2,18.9,19.1,19.6,19.3,19,19.4,18.9,19,19,19.5,19.6,19.1,19.4,19.4,19.2,19.5,18.7,19.4,19.4,19.5,20.1,19.3,19.2,19.5,19.5,19.3,99999.9,99999.9,99999.9,99999.9,99999.9,99999.9,99999.9,99999.9,99999.9
58130,GRAFTON OLYMPIC POO,-29.68,152.93,NSW,19100101,18.8,19,19.3,18.9,19.7,19.6,19.4,18.3,18.5,19.5,18.1,19.5,19.3,19,19,18.3,19.5,18.9,19.2,18.6,19.3,18.8,19,18.4,18.5,18.8,19.1,19,19.5,18.9,18.2,18.7,19.1,18.5,18.9,19.3,19.1,18.6,18.5,18.8,19.3,18.9,19.3,18.9,19.3,19.4,18.6,19.7,19.6,19.5,18.7,19.2,18.9,19.2,18.9,19.3,18.8,19.1,19.5,19.5,19.1,19,19,20.5,19,19.3,19.3,19.6,19.2,19.7,20.1,19.8,19.5,19.7,19.1,19.4,19.6,20,20,19.4,19.9,20.3,19.5,20.1,19.6,19.9,19.8,20,20.8,19.6,19.9,20,20.5,19.9,20.3,20.6,19.9,20,19.5,20.5,20.1,19.7,19.8
60026,PORT MACQUARIE (HIL,-31.44,152.92,NSW,19100101,17.9,17.7,17.8,17.6,18.6,18,18,17.3,17.3,18,17.5,18,17.7,17.3,17.1,17.1,17.8,17,17.8,17.5,17.7,17,17,17.1,17.3,17,17.3,17.2,17.4,17.3,17.5,17.3,17.6,17,17.3,17.5,17.5,17.5,17,17.4,17.6,17.3,17.5,17,17.5,17.5,17,17.3,18.2,17.7,17.1,17.2,17.2,17.5,17.4,17.5,17.4,17.8,17.5,17.8,17.5,17.3,17.5,18.9,17.9,18.3,17.5,18,17.6,18,18.5,18.1,17.9,18,17.6,17.8,17.7,18.1,18.4,18,18.3,18.3,18,18.2,17.8,18,18,18.6,99999.9,18.6,99999.9,18.6,18.6,99999.9,99999.9,99999.9,99999.9,99999.9,99999.9,99999.9,99999.9,99999.9,99999.9
61055,NEWCASTLE NOBBYS SI,-32.92,151.8,NSW,19100101,18.5,18.5,18.6,18.5,19.2,18.8,18.3,18.1,18.3,19.3,18.4,18.9,19,19,18.3,18.1,18.9,18,19.2,18.5,18.7,18.5,18.5,18.3,18.2,18.3,18.3,18.5,18.9,18.5,19.2,18.4,19,18.1,18.8,18.7,18.6,18.6,17.9,18.1,18.5,18.3,18.4,18.3,18.4,18.5,17.8,18.6,18.8,18.1,17.6,17.8,17.9,18.2,17.7,18.1,17.8,17.9,18,18,17.9,17.8,18,18.8,17.8,18.2,18,18.1,18,18.8,19.4,18.8,18.5,18.5,17.9,18.2,18.3,18.5,19,18.4,18.7,18.9,18,18.4,18.3,18.3,18.3,18.7,18.8,18.5,18.4,18.7,18.8,18.3,18.5,18.9,99999.9,18.5,18,99999.9,18.8,18.7,18.4
61086,JERRYS PLAINS POST,-32.5,150.91,NSW,19100101,17.2,17,17.6,17.3,18.1,18,17.2,16.8,16.8,19,17,17.6,17.9,18.6,16.9,17.2,18,16.8,18,17.5,17.9,17.5,18,17.7,17.3,17.4,17.6,18,18.4,18.3,18.8,17.6,17.8,16.7,18,18,18.1,17.7,17.4,17.3,17.9,17.4,17.6,17.5,17.3,17.5,16.9,18.1,18.1,18,17.4,17.6,17.4,17.8,17.7,17.9,17.4,17.7,17.8,17.8,17.4,17.3,17.4,18.4,17.5,17.8,17.3,18,17.5,18.4,19,18,18,18.4,17.3,17.5,17.5,18,17.8,17.6,18,18.6,17.1,17.7,18,17.9,17.9,18.5,18.6,18.2,18,18.2,99999.9,99999.9,99999.9,99999.9,99999.9,99999.9,17.5,18.8,18,99999.9,99999.9
62101,MUDGEE AIRPORT AWS,-32.56,149.62,NSW,19100101,15.5,14.6,14.8,14.9,15.9,15.6,14.7,14.5,15,16.1,15.4,15.8,15.5,15.3,14.7,15,15.6,14.8,15,14.9,15.8,14.8,15.1,15.1,14.5,14.6,14.8,14.8,16,15.3,15.6,14.7,15.3,14.2,15.1,14.7,14.9,14.6,13.9,14.1,15,14.5,14.7,14.5,14.1,14.8,13.8,14.3,14.1,14.7,13.9,15.1,14.2,14.3,14.2,14.9,14.3,15.1,15,14.9,14.4,14,14.9,15.8,14.8,15.1,14.5,15.4,14.9,15.5,16,16,15.4,15.4,14.3,15.1,14.7,15.2,15.5,15.2,15.2,15.4,13.5,14.7,14.7,15.1,14.6,15.6,15.8,15,14.9,15.1,15.4,15.2,15.6,15.7,15.9,16,14.6,16.1,15.3,15.3,15.1
63005,BATHURST AGRICULTUR,-33.43,149.56,NSW,19100101,13.1,12.4,13.1,12.9,14.3,13.9,12.6,11.3,13.1,14.2,13,13.5,13.3,13.6,12.5,12.5,12.4,12,13,12.6,13.3,12.6,12.9,13,13,12.1,12.6,12.9,14,13.7,13.5,12.4,13.4,12.2,12.4,13,13.1,13.6,12.5,12.5,13.5,13,13.3,13,13,12.9,12.1,12.8,12.9,13.3,12.6,13.4,12.7,12.9,12.4,12.9,12.6,13.3,13.1,13.1,12.5,12.6,12.6,13.2,12.7,13,12.4,13.4,12.7,13.5,14,13.9,13.8,13.7,12.3,12.9,12.6,13,13.4,13,13.6,13.8,12.3,13.1,13,13.1,12.9,13.8,13.8,13.4,13.3,13.6,13.8,13.5,13.9,13.8,14,14.3,13.2,14.5,13.6,13.4,13.1
63231,ORANGE AIRPORT COMP,-33.38,149.12,NSW,19100101,11.5,11.6,12,11.7,13.5,12.3,11.7,11.3,11.9,12.9,11.3,11.6,11.7,11.5,11.4,11.2,12,11.5,12.1,11,11.7,11.3,11.4,11.9,11.8,11.6,11.5,11.7,12.2,11.9,12.4,11.6,12.3,11.6,12.5,12,12.1,11.9,11.5,11.8,11.9,11.4,11.6,11.4,11.6,11.5,10.6,12.3,12.2,12.3,11.5,12,11.4,11.9,11,11.6,11,12.9,12.4,10.9,11.2,11.1,11.7,12.6,11.4,12,11.2,12.2,11.4,12.6,12.8,12.5,12.5,12.3,11.1,11.7,11.5,11.8,12.4,11.6,12.4,12.8,11.2,12.2,12,11.8,11.4,12.4,12.6,12.3,12.1,12.4,12.8,12.5,12.8,12.9,13.1,13.2,12,13.3,12.4,99999.9,99999.9
65070,DUBBO AIRPORT AWS,-32.22,148.58,NSW,19100101,16.3,15.9,17,16.6,18,17.3,16.4,15.4,16.2,17.4,16.5,16.8,16.8,17.2,15.3,15.9,16.5,15.9,16.6,16.3,16.8,16,16.8,16.6,16.3,16.4,16.4,16.5,17.5,16.9,17,16.1,17.1,16,17.1,16.6,17,16.4,16,16.3,16.6,16.2,16.3,16.3,16.3,16.5,15.4,17,16.8,16.9,16.5,17,16.4,16.8,16.1,17.3,16.3,17.3,16.6,16.6,15.8,16.5,17.3,17.9,16.7,17.2,16.3,17.4,16.5,17.4,18,17.7,17.8,17.7,16.5,17.1,17,16.7,17.2,16.7,17,17.3,16.1,16.9,16.4,16.8,16.5,17.5,17.3,16.6,16.5,17.1,17.5,17.3,17.5,18,18,18.1,16.8,18.3,17,17.2,16.9
65091,COWRA AIRPORT,-33.85,148.65,NSW,19100101,15.2,14.6,14.8,14.7,16.3,15,14.3,14.1,14.6,16.4,14.6,15.5,15.4,15.3,14.2,14.6,14.7,14.6,14.7,14.3,15.3,14.6,15.3,14.6,15.2,14.8,14.8,14.8,15.6,15.1,15.6,14.9,15.6,14.3,15.2,14.8,15.4,15.1,14.4,15,15.4,14.6,14.9,15.3,14.5,14.5,13.9,15.2,15.1,15.4,14.9,15.1,14.9,15.5,14.6,15.8,14.5,15.5,15,14.9,14.4,15.1,15.4,16,14.8,15.4,14.6,15.6,15.3,16,16.5,16.4,16.5,16.1,14.6,15.3,14.9,15.3,16.1,15.7,15.9,16.1,14.5,15.3,15.4,15.1,15,16.2,15.9,15.6,15.5,15.9,16.3,16.3,16.3,16.4,16.6,17.1,16.2,17.1,16.1,99999.9,99999.9
66062,SYDNEY (OBSERVATORY,-33.86,151.21,NSW,19100101,18,17.9,18,18.3,18.9,18.3,18,17.8,17.9,18.5,17.5,18.2,18.3,18.2,17.6,17.5,18.3,17.3,18.4,17.5,18,17.9,17.8,17.5,17.7,17.8,17.9,18.1,18.4,18.2,18.4,17.8,18.1,17.2,17.8,17.8,18,18,17.3,17.6,18,17.9,17.6,17.6,17.8,17.8,17.6,17.9,18.3,18,17.6,17.8,17.8,17.9,18.1,18,17.5,17.9,18.3,18.1,17.8,17.9,18,18.8,17.9,18.4,18.1,18.5,18,18.5,18.9,18.4,18.2,18.4,17.9,18.1,18.2,18.3,19,18.4,18.4,18.8,17.7,18.4,18.3,17.9,18,18.4,18.9,18.4,18.6,18.9,18.8,18.6,19,19.1,18.9,19,18.2,19,18.8,,
67105,RICHMOND RAAF,-33.6,150.78,NSW,19100101,16.9,16.8,17.1,17.5,17.7,17,17.2,16.3,16.1,17.5,16.4,17,17,17.4,16.6,16.6,17.3,16,17.3,16.5,17,16.7,16.8,16.5,16.7,16.1,16.6,16.8,17.2,17.5,17.8,16.7,17.3,16.2,17.1,16.8,17.8,17.5,16.3,16.3,16.9,16.5,17.1,16.8,16.7,17,16.6,17.4,17.5,17.1,16.6,16.8,16.6,17,16.9,17,16.5,16.9,17.3,16.9,16.1,16.5,16.8,17.6,17,17.5,16.8,17.5,17.1,17.8,18.2,17.5,17.1,17.5,16.8,17.3,17,17.4,17.8,17.2,17.5,18.1,16.8,17.4,17.3,17.1,17,17.6,18.1,17.3,17.3,17.3,17.8,17.5,17.8,17.9,17.4,17.7,16.5,18.2,17.5,17.4,17.3
68034,POINT PERPENDICULAR,-35.09,150.8,NSW,19100101,16.7,17,17.1,17.1,17.9,17,16.8,16.5,16.6,17.5,16.5,17,17.4,16.6,16.2,16.1,17,16.2,17.3,16.5,17,16.7,16.8,16.4,16.8,16.5,16.5,16.9,16.9,17,17.5,16.8,17.2,16,17,16.7,16.3,16.6,16.3,16.3,17,16.6,16.4,16.5,16.8,16.8,16.4,16.9,16.6,17.1,16.4,16.7,16.5,16.8,16.7,16.8,16.5,16.6,16.1,16.8,16.4,16.5,16.9,17.5,16.5,17,16.5,17,16.6,17.1,17.5,17.1,17.1,17,16.6,17,16.8,17,17.6,16.9,17,17.3,16.6,17.1,16.8,16.5,16.5,17,17.4,17.3,99999.9,99999.9,17,99999.9,99999.9,99999.9,99999.9,99999.9,99999.9,99999.9,99999.9,99999.9,99999.9
68102,BOWRAL (PARRY DRIVE,-34.49,150.4,NSW,19100101,12.8,12.9,12.9,13.5,14.3,13.2,12.9,12.5,13.2,14.6,12.8,13.3,13.9,13.5,12.7,12.7,13.5,12.7,13.6,12.7,13.3,12.8,12.6,12.6,12.6,12.4,12.5,12.8,13.4,13.3,13.6,12.9,13.2,12.1,13.1,12.7,13,12.3,12.2,12.3,13.2,12.9,12.4,12.6,12.9,13,12.6,13.6,13.3,13.4,12.8,13.5,12.6,12.7,12.5,13.2,12.1,12.4,12.9,13.3,12.3,13,13.3,13.5,13,13.1,12.6,13.3,13.1,13.8,14.1,13.7,13.5,13.8,12.8,13.2,13.2,13.6,14.1,13.1,13.6,13.9,12.3,13.3,13.4,12.8,12.8,13.8,14.1,13.5,13.5,13.9,13.8,13.6,14.3,99999.9,99999.9,14,13.1,14.4,13.6,99999.9,13.3
69018,MORUYA HEADS PILOT,-35.91,150.15,NSW,19100101,15.8,15.9,15.8,15.8,16.5,15.9,15.7,15.5,15.5,16.4,15.4,15.8,16,15.9,15.4,15.4,16,15.4,16.5,15.6,16,15.8,15.5,15.1,15.7,15.3,15.1,15.4,15.9,16,15.9,15.7,16.1,15,15.3,15.3,15.6,15.8,15.1,15.2,15.9,15.7,15.5,15.3,15.8,15.5,15.1,15,15.5,15.3,15.1,14.9,14.9,15,14.9,15.3,14.9,15.3,15.6,15.9,15.5,15.6,15.8,16.4,15.7,15.9,15.6,15.6,15.8,15.9,16.4,16,15.8,15.9,15.4,15.7,15.6,15.9,16.5,16,16.1,16.1,15.4,16,15.6,15.4,15.4,16,16.6,16.3,16.4,16.6,16.3,16.3,16.5,16.5,16.2,16.5,16,16.8,16.4,16.2,15.6
72150,WAGGA WAGGA AMO,-35.16,147.46,NSW,19100101,15,14.3,15.1,14.8,16.5,14.9,14.1,14,14.4,15.9,15,15.3,15,14.9,13.6,14.6,14.8,14.4,15.3,14.8,15.6,14.8,14.9,15,15.1,14.6,14.8,15.4,16,15.5,15.3,14.7,15.7,14.4,14.9,15.1,14.7,14.9,14.3,14,15.1,14.9,14.9,14.6,15.1,14.9,13.8,14.9,15,15.6,14.8,15.4,14.8,15.5,14.4,15.1,14.3,15.6,15.3,14.8,14.6,14.9,15.3,15.8,15,15.6,15.1,15.5,15.6,15.9,15.8,16,16,15.8,14.7,15.2,14.7,15.3,16.3,15.3,16.1,16.1,14.8,15.6,15.5,15.3,15,16.1,15.9,15.9,15.8,15.9,16.1,16.4,15.8,16.2,16.4,17,16,17.2,16,15.7,15.4
74128,DENILIQUIN POST OFF,-35.55,144.95,NSW,19100101,15.6,15.6,15.8,15.7,17.3,16,15.4,15.5,15.5,16.1,15.6,16.5,16,15.8,15.1,15.6,15.9,15.8,16.1,15.4,16.7,15.3,15.4,15.6,16,15.6,15.7,16.1,16.5,15.9,16.1,15.6,16.5,15.4,15.6,15.7,15.1,15.9,15.5,15,15.9,15.9,15.4,15.9,16.1,16,15.1,15.6,15.6,16.4,16.2,15.9,16,16.3,15.3,15.9,15.4,99999.9,16.1,15.8,15.3,15.8,16.1,99999.9,15.7,16.3,15.6,16.2,15.9,16.5,16.5,16.6,16.5,16.2,15.6,16.1,15.6,15.9,16.8,16.1,16.6,16.5,15.6,16,16.3,15.8,15.8,16.7,16.4,16.6,16.7,16.8,17,99999.9,99999.9,99999.9,99999.9,99999.9,99999.9,99999.9,99999.9,99999.9,
75031,HAY (MILLER STREET),-34.52,144.85,NSW,19100101,17.1,16.8,17,17,18.5,16.9,16.4,16.4,16.5,17.6,16.6,17.2,17.4,16.9,15.9,16.5,16.9,16.3,17,16.1,17,16,16.2,16.5,16.6,16.7,16.5,17.1,17.3,16.9,17.1,16.9,17.3,16.5,16.6,16.3,16.4,17,16.3,15.9,16.8,16.8,16.1,16.5,16.4,16.6,15.8,16.3,16.3,17.3,16.4,17.4,16.6,16.8,16.2,16.8,16.3,17.1,16.9,16.5,16.3,16.8,17.1,17.3,16.5,17.2,16.5,17,16.5,17.5,17.8,17.5,17.5,16.8,16.2,17,16.5,17.3,17.9,17,17.5,17.5,16.6,17,17.3,16.8,16.6,17.6,17.2,17.3,17.5,17.7,18,17.5,17.5,17.7,17.7,18.5,17.6,18.6,17.1,17.5,99999.9
76031,MILDURA AIRPORT,-34.23,142.08,VIC,19100101,16.5,15.9,16.2,16.2,17.7,16.7,16.2,16,17.1,17,16.4,17.5,16.5,16.8,15.8,16.4,16.6,16.7,17.1,16,17.4,16.1,16.2,16.6,17.3,16.5,16.6,16.8,17.3,17,16.6,16.4,17,15.9,16.1,16.1,15.8,16.3,16.2,15.7,16.6,16.9,16.1,16.7,16.5,16.6,15.9,16.5,16.1,17,16.3,17.4,16.8,16.8,16.4,16.9,16.3,16.9,16.9,16.4,16.3,16.6,17,17,16.5,17,16.1,16.9,16.5,17.1,17.1,17.1,17.2,17,16.1,16.8,16.2,16.6,17.5,16.5,17.4,17.1,16.4,17,17,16.6,16.6,17.1,17,17.2,17.5,17.4,17.4,17.3,17.2,17.5,17.4,18.2,17.3,18.2,17.2,17.4,17.4
77094,SWAN HILL AERODROME,-35.38,143.54,VIC,19100101,15.8,15.7,15.9,15.9,16.6,16.1,15.3,15,15.5,16.5,15.7,16.6,15.8,15.8,14.8,15.6,16,15.9,16.1,15.6,16.5,14.9,15,15.1,15.8,15.3,15.5,15.6,15.8,15.6,15.6,15.3,15.5,14.7,14.9,15.3,14.8,15.7,15.1,14.6,15.6,15.6,14.9,15.4,15.4,15.4,15.1,15.5,15.4,16.3,15.4,16.5,15.9,15.8,15.1,15.9,15.2,15.9,15.8,15.6,15.4,15.9,16.3,16.3,15.8,16.5,15.8,16,15.8,16.2,16.4,16.6,16.4,16,15.5,16.2,15.4,15.9,16.8,16,16.4,16.3,15.4,16.2,16.3,15.8,15.4,16.3,15.9,16.4,16.5,16.5,16.5,16.4,16,16.4,16.5,16.9,16.5,17.3,16.4,16.5,16.4
80015,ECHUCA AERODROME,-36.34,141.64,VIC,19100101,14.9,14.6,14.7,14.7,16.3,15,14.3,14.3,14.5,15.3,14.6,15.1,14.7,14.6,13.6,14.3,14.8,14.7,14.9,14.2,15.3,14.5,14.5,14.7,15,14.7,14.9,15.3,15.8,15.3,15,14.7,15.2,14.3,14.5,14.6,14.1,14.9,14.2,13.8,14.6,14.6,14,14.1,14.4,14.4,14,14.5,14.5,15.2,14.4,15.6,14.8,14.9,14.1,14.7,14.2,14.8,14.4,14.9,14.7,15.2,15.5,15.6,15.3,15.7,14.6,15.3,15.2,15.7,15.8,15.9,15.6,15.4,14.7,15.1,14.5,15.1,16,15.4,15.8,15.5,14.9,15.3,15.3,14.9,14.6,15.7,15.4,15.8,15.7,15.9,16.1,15.7,15.4,17.4,15.9,99999.9,15.8,16.7,15.8,15.7,99999.9
78031,NHILL,-36.17,144.76,VIC,19100101,99999.9,13.9,14.2,14.1,15.1,14,13.8,13.9,14.5,15.1,14.1,15.1,14,14.3,13.2,14.1,14.4,14.1,14.4,13.4,14.6,13.8,13.8,13.9,14.6,14.1,14.1,14.5,14.4,14.1,13.9,14,14.5,13.4,14,13.9,13.4,14,13.1,99999.9,14.5,14.8,13.8,14.2,14.1,14.3,14,14,13.9,14.8,14,15.2,14.6,14.6,13.7,14.5,14.3,14.7,14.6,14.4,14.1,14.7,14.8,14.8,14.7,15,14.3,14.6,14.7,14.8,99999.9,15.1,14.9,14.6,13.9,14.6,13.9,14.2,15.3,14.8,15,14.6,14.1,14.7,14.5,14.1,13.9,14.8,14.4,14.9,15.4,14.9,14.6,14.7,14.4,99999.9,99999.9,15.6,14.6,99999.9,99999.9,99999.9,99999.9
80023,KERANG (POST OFFICE,-35.73,143.92,VIC,19100101,15.6,15.4,15.5,15.5,17,15.7,15.5,15.2,15.7,16.4,15.4,16,15.5,15.7,14.6,15.3,15.7,15.5,15.8,15,16.2,15.2,15.4,15.2,15.9,15.3,15.4,15.6,16.3,15.8,15.8,15.5,16.1,15,15.5,15.4,15,15.7,15.4,14.9,16,16,15.3,15.6,15.7,15.4,15.1,15.8,15.6,16.3,15.5,16.5,16.1,16.2,15.4,15.9,15.6,16.1,16.1,15.8,15.6,16,16.3,16.1,16,16.6,15.9,16.1,16,16.5,16.5,16.7,16.6,16.3,15.6,16.3,15.6,16,16.9,16.3,16.7,16.5,15.6,16.3,16.3,15.9,15.6,16.5,16.4,16.6,16.5,16.5,16.6,16.3,16.2,16.4,16.5,17.3,16.6,17.3,16.5,16.7,16.5
82002,BENALLA (SHADFORTH,-36.55,145.97,VIC,19100101,15.1,14.9,15,14.4,16,15,14.5,14.4,14.8,16,15.1,15.5,15.1,14.9,13.6,14.4,15.1,14.7,14.9,14.1,15.5,14.2,14.4,14.6,14.8,14.3,14.5,15,15.7,15.4,15.1,14.6,15.5,14.6,14.4,14.5,13.9,14.4,13.9,14,14.9,14.2,13.7,14.1,14.7,14.4,13.9,14.4,14.7,14.8,14.3,15.6,14.9,15.5,14.4,14.9,14.4,15.1,15,14.9,14.6,15.1,15.4,15.5,15.4,15.5,15.1,15.3,15.4,15.6,15.6,16,15.8,15.7,14.8,15.1,14.6,14.8,15.7,15.2,15.6,15.4,14.6,15,14.9,14.5,14.4,15.7,15.5,15.8,15.6,15.8,15.8,15.4,15.3,15.5,99999.9,99999.9,99999.9,99999.9,99999.9,99999.9,99999.9
82039,RUTHERGLEN RESEARCH,-36.11,146.51,VIC,19100101,14.4,13.9,13.4,14.8,15.1,13.8,13.6,13.6,13.8,14.8,14,14.7,14.4,14.3,12.9,13.6,14,13.8,14.1,13.4,14.9,13.5,13.7,13.9,13.8,13.7,13.9,14.4,15.1,14.5,14.3,14.1,14.8,13.9,14,14.1,13.9,14.5,13.6,99999.9,14.4,14.3,14,14,14.1,14,13.6,14.9,99999.9,14.9,14.4,15.3,14.6,99999.9,99999.9,14.7,13.9,14.3,14.7,99999.9,14,14.5,99999.9,15,14.6,14.6,14.1,99999.9,14.5,14.7,14.5,15.2,14.5,15,13.6,14.1,13.6,14,15.2,14.4,14.9,14.8,14.1,14.3,14.4,14.1,13.9,14.9,14.4,14.7,14.6,14.8,14.9,14.8,14.4,14.6,14.8,15.8,14.9,15.7,14.9,14.5,14
82138,WANGARATTA AERO,-36.42,146.31,VIC,19100101,13.9,13.6,13.8,13.5,15.1,14,13.6,13.4,13.7,14.5,13.9,14.4,14.1,14.1,12.6,13.3,13.9,13.6,14,13.4,14.4,13.1,13.4,13.9,13.9,13.6,13.8,14.1,15,14.9,13.9,13.7,14.4,13.4,13.5,13.6,13.4,13.9,13.4,13.1,14,13.8,13.8,13.6,14,13.9,13.6,14,14.3,14.9,13.5,15.2,14.5,14.9,14.1,14.5,13.9,14.6,14.6,14.4,14.1,14.1,14.7,14.8,14.6,14.4,14,14.5,14.4,14.7,14.6,15.2,14.8,14.8,13.8,14.2,13.9,13.9,14.6,14.4,14.6,14.6,13.9,14,13.8,14.2,13.6,14.6,14.6,14.6,14.8,14.8,14.8,14.7,14.5,14.6,14.8,15.7,14.7,15.4,15,14.8,14.4
83025,OMEO,-37.1,147.6,VIC,19100101,10.8,10.6,10.7,10.6,11.8,11.1,10.4,10.5,10.7,11.4,10.6,11,10.8,10.8,10,10.3,10.8,10.3,10.9,10.5,10.9,10.5,10.6,10.6,10.9,10.5,10.6,11,11.7,11.7,12.1,10.9,11.6,10.2,10.6,10.4,10.6,11.1,10.3,10.4,11.2,10.9,10.8,10.8,11,10.9,10.6,10.8,10.8,11.4,10.8,11.9,10.7,11.2,10.8,10.9,10.8,11,11.8,11.4,10.8,11.1,11.3,11.8,11.3,11.7,11.1,11.4,11.3,11.5,11.6,11.6,11.5,11.4,10.4,10.8,10.5,10.8,12.1,10.9,11.1,11.6,10.8,11.4,11.2,10.9,10.8,11.7,11.9,11.8,11.8,11.8,11.6,11.8,11.9,11.9,11.9,12.6,99999.9,99999.9,99999.9,99999.9,99999.9
84016,GABO ISLAND LIGHTHO,-37.57,149.91,VIC,19100101,14.8,14.4,14.9,15.1,15.7,14.9,14.8,15,14.9,15.4,14.8,15.5,14.8,14.8,14.5,14.3,15,15,15.5,14.5,15.1,14.9,15.1,14.6,15.1,14.6,14.5,14.8,15.3,15.3,15,14.8,15.2,14.1,14.2,14.2,14.4,15,14.7,14.3,15.3,14.9,14.6,14.6,14.8,14.9,14.4,14.3,14.6,14.8,14.6,14.8,14.3,14.4,14.6,14.6,14.4,14.6,14.7,14.7,14.5,14.6,14.8,15.6,15.3,15.1,14.8,14.6,14.9,14.9,15.1,15,15.4,15.4,14.8,15.1,15.1,15.1,15.8,15.3,15.4,15.3,14.8,15.2,14.9,14.3,14.4,15.2,15.6,15.8,15.8,15.9,15.6,15.4,15.4,15.8,99999.9,99999.9,15.3,16,15.7,15.6,15.3
85072,EAST SALE AIRPORT,-38.11,147.13,VIC,19100101,13.7,13.5,13.4,13.3,14,13.6,13.2,13.2,13.4,13.9,13,14.1,13.6,13.6,12.6,12.9,13.4,13.1,13.6,12.8,13.6,12.6,12.7,13.9,13.3,12.6,13,13.6,13.8,13.5,13.8,13.3,13.5,12.7,13.2,99999.9,12.9,13.8,13,12.8,13.3,13.5,13.2,13.1,13,13.4,13.1,13.2,13.3,14.1,13.5,14.2,13.6,13.7,13.4,13.3,13.1,13.2,13.8,13.4,13.2,13.5,14,13.9,13.9,13.9,13.5,13.7,13.9,14,14.1,14.3,13.9,13.8,13.2,13.5,13.1,13.5,14.6,14.1,14.1,13.9,13.4,13.9,13.4,13.1,12.8,13.8,13.9,14.3,14.1,14.3,14.1,14,13.9,14.4,14,14.6,14.1,14.5,14.4,14.1,14.1
85096,WILSONS PROMONTORY,-39.13,146.42,VIC,19100101,13.9,13.6,13.7,13.4,14.1,13.5,13.5,13.4,13.8,14,13.6,14.3,13.6,13.6,12.9,13.2,13.7,13.3,13.9,12.9,13.9,13.3,13.4,13.5,14.3,13.5,13.3,13.5,13.7,13.8,13.7,13.6,13.8,13,13.2,13.1,12.9,13.7,13.1,12.8,13.8,99999.9,99999.9,13.1,99999.9,13.6,13.3,13.1,13.1,99999.9,13.5,14.4,13.7,13.7,13.3,99999.9,99999.9,99999.9,13.8,99999.9,13.6,14,14.3,14.3,14,99999.9,99999.9,13.9,13.8,14.1,14.2,14.5,14.3,13.9,13.8,14.1,13.7,13.7,14.9,14.4,14.3,14,13.5,14.3,14,13.5,13.6,14.1,14,14.6,14.6,14.8,14.5,14.4,14,15.1,99999.9,15,14.4,14.8,14.6,99999.9,99999.9
85279,BAIRNSDALE AIRPORT,-37.88,147.57,VIC,19100101,13.4,13.5,13.3,13.8,14.5,14.1,13.9,13.9,14.1,14.3,13.5,14.5,14.3,13.9,13.4,13.5,14.3,13.9,15.1,13.8,14,13.5,13.9,13.8,14.1,13.2,14.1,14.3,14.1,14.1,14.4,14,14.2,13.3,13.9,13.4,13.2,13.9,13.4,12.9,14.3,14.1,13.6,13.8,13.7,13.9,13.7,13.6,13.6,14.3,13.8,14.2,13.9,13.6,13.8,13.9,13.6,13.7,14.1,13.4,13.4,13.6,14,14.2,14,14.1,13.7,13.9,13.8,14.1,14.2,14.1,14.1,14,13.7,13.8,13.5,13.9,14.9,14.1,14.4,14.4,13.8,14.2,13.8,13.5,13.4,14.5,14.5,14.8,14.8,14.4,14.1,14.1,14.1,14.8,14.1,14.9,14.3,14.9,14.7,14.3,14.5
86071,MELBOURNE REGIONAL,-37.81,144.97,VIC,19100101,15.9,15.5,15.5,15.5,16.3,15.6,15.2,15.3,15.5,15.9,15.5,16,15.5,15.4,14.8,15.2,16,15.6,16,15.2,15.9,14.9,15.2,15.4,15.6,15.3,15.6,15.5,16,15.6,15.7,15.4,15.8,14.8,15.2,15,14.9,15.8,15,14.5,15.5,15.7,15.1,15.5,15.6,15.5,15.4,15.3,15.1,16,15.5,16.8,16,15.8,15.4,15.6,15.4,15.6,16,15.5,15.4,15.8,15.9,15.9,15.9,16,15.6,15.5,15.4,16.1,16.2,16.5,15.9,15.6,15.3,15.5,15,15.3,16.4,15.7,16,15.7,15.3,15.9,15.6,15.1,15.2,16.2,16,16.5,16.5,16.3,16.3,16.2,16,16.6,16,17.1,16.3,16.8,16.5,,
87031,LAVERTON RAAF,-37.86,144.75,VIC,19100101,14.9,14.3,14.1,14.1,14.8,14.2,13.8,13.9,14.5,14.8,14.3,14.6,14.1,13.9,13.4,13.8,14.6,14.3,14.5,13.6,14.7,13.6,13.6,13.8,14.1,13.5,13.8,13.9,14.3,13.9,13.9,13.7,14.1,13.1,13.5,13.8,13.5,14.3,13.4,13,13.8,14.1,13.8,14.1,14,13.9,13.8,13.9,13.8,14.4,13.8,14.9,14.2,14.1,13.8,14,13.7,14.1,14.6,14.2,13.9,14.4,14.6,14.6,14.8,14.5,14.4,14.3,14.3,14.8,15.1,15.3,14.7,14.3,13.8,14.4,13.9,14.1,15.1,14.4,14.9,14.3,14,14.5,14.3,13.8,13.7,14.6,14.2,14.9,15,14.6,14.9,14.9,14.6,15.3,14.7,15.9,15,15.4,15.1,14.9,15
87163,GEELONG AIRPORT,-38.23,144.33,VIC,19100101,14,13.6,13.7,13.4,14.3,13.7,13.5,13.4,14.2,13.9,13.6,14.3,13.8,13.5,12.8,13.4,14,13.5,13.8,13,14.1,13.4,13.5,13.5,13.9,13.6,13.8,13.9,14.3,13.9,14,13.3,13.7,12.6,13.8,13.3,13,13.7,13.3,13,13.9,13.9,13.5,13.6,13.8,13.5,13,13.4,13.3,14.1,13.6,14.6,14,14,13.4,13.7,13.6,13.9,13.9,13.5,13.2,13.8,14.1,14.1,14,14.3,13.8,13.9,13.7,14.3,14.3,14.5,14.5,14,13.1,13.9,13.6,13.6,14.7,13.9,14.4,13.3,13.1,13.3,13,13.4,13.4,14.1,13.8,14.6,14.8,14.4,14.3,14.1,13.9,14.8,14.1,15.1,14.4,14.6,14.4,99999.9,99999.9
88043,MARYBOROUGH,-37.06,143.73,VIC,19100101,14,13.5,13.5,13.6,15,13.8,13.3,13.4,13.8,14.4,13.8,14.4,13.6,13.4,12.3,13,13.4,13.4,13.5,13,14.3,13.1,13,13.4,14.1,13.5,13.8,13.8,14.5,13.5,13.8,13.4,14,12.9,13.5,13.3,13.1,13.5,13,12.9,14.1,13.9,13.2,13.6,13.7,13.5,13.4,13.8,13.8,14.6,13.6,14.8,14.1,14.1,13.5,13.9,13.3,14.1,13.9,13.9,13.6,13.9,14.3,14.1,14.1,14.5,14.1,14.1,14.1,14.2,14.4,14.8,14.7,14.1,13.5,14.2,13.5,13.8,14.8,14.2,14.6,14.1,13.4,13.8,13.9,13.5,13.3,14.3,13.8,14.4,14.4,14.4,14.5,14.4,14,14.4,14.4,15.3,14.6,15.2,14.4,14.6,14.4
89002,BALLARAT AERODROME,-37.51,143.79,VIC,19100101,11.5,11.1,11.3,11.4,12.6,11.4,11.2,11.3,11.6,12.1,11.6,12.1,11.4,11.4,10.4,11,11.6,11.4,11.4,10.8,11.7,10.8,11,11.1,11.6,11.1,11.3,11.7,11.9,11.6,11.4,11.2,11.8,10.7,11.3,11.2,10.8,11.5,10.9,10.6,11.6,11.7,11,11.4,11.3,11.6,11.3,11.5,11.3,12.2,11.6,12.7,11.9,11.8,11.1,11.6,11.4,11.9,11.6,11.7,11.3,11.6,12,11.9,12,12.1,11.9,11.8,11.5,12.1,12.6,12.6,12.3,11.9,11.4,11.8,11.1,11.5,12.6,12.1,12.2,12,11.4,11.8,11.5,11.4,11.3,12.4,11.9,12.6,12.8,12.4,12.4,12.5,12.1,12.6,12.5,13.5,12.5,13.1,12.5,12.4,12.5
89085,ARARAT PRISON,-37.28,142.98,VIC,19100101,13,12.6,13.4,12.7,14,12.6,12.3,11.9,12.9,13.2,12.6,13.4,12.9,12.6,11.6,12.4,12.7,12.6,13,12.2,13,12.4,12.2,12.5,13.3,12.5,12.6,12.9,12.8,12.7,12.8,12.4,12.9,11.8,12.3,12.1,11.7,12.3,12,11.6,12.4,12.9,12.3,12.7,12.6,12.8,13.1,12.8,13,13.6,13.1,13.9,12.9,12.9,12.2,12.7,12.4,13.1,12.9,99999.9,12,12.8,12.7,12.9,12.9,13,12.7,12.6,12.9,13.1,13.3,13.6,13.3,13.1,12.5,13,12.4,12.8,14.1,13.1,13.4,13,12.7,12.9,12.5,12.3,12.3,13.1,12.8,13.4,13.5,13.3,13,13.3,12.9,13.4,13.1,14.2,13.2,14,13.4,14,13.8
90015,CAPE OTWAY LIGHTHOU,-38.86,143.51,VIC,19100101,13.8,13.3,13.5,13.3,13.4,13,13.3,13.4,14.1,13.9,13.1,14.1,13.4,13.1,12.9,13.1,13.6,12.9,13.6,12.5,13.4,12.7,13,12.9,13.8,12.9,13,13.3,13.4,13.2,13,12.9,13.3,12.5,12.5,12.6,12.3,13.4,12.7,12.1,13.4,13.2,12.9,13.4,13.3,13.5,13.3,99999.9,99999.9,13.8,13.4,14,99999.9,13.4,12.9,13.5,13.4,13.5,13.5,13.4,13.2,13.6,14,14.1,14.1,14,13.7,13.6,13.4,13.9,14.1,14.3,14,13.8,13.6,13.9,13.6,14,14.6,14,14,13.6,13.4,14.1,13.6,13.4,13.2,13.8,13.6,14.3,14.3,14.4,13.9,13.9,13.8,14.4,13.8,14.6,13.9,14.3,14.1,14.5,14.6
90171,CASHMORE AIRPORT,-38.32,141.47,VIC,19100101,13.5,13.1,13.2,12.8,13.4,12.9,13.1,12.6,13.2,13.3,12.9,13.7,13,12.8,12.4,12.7,13.3,12.6,13.1,12.4,13.4,12.4,12.9,12.7,13.5,12.8,12.8,12.9,13.4,13.2,13.1,12.7,13.2,12.3,12.6,12.7,12.4,13.3,12.7,12.5,13.1,13.4,12.7,13,12.9,13,13,12.6,12.9,13.5,12.9,14.1,13.5,13.4,12.8,13.3,13.3,13.7,13.4,13.4,13.3,13.6,13.8,13.8,13.8,13.8,13.4,13.4,13.3,13.6,14,14,13.9,13.3,13.1,13.4,13.1,13.2,14,13.6,13.9,13.3,13.1,13.6,13.1,12.8,12.7,13.3,13,13.8,13.9,13.7,13.3,13.2,13.2,13.8,13,14,13.2,13.6,13.4,13.8,13.9
90173,HAMILTON AIRPORT,-37.65,142.06,VIC,19100101,12.6,12.4,12.4,12.5,13.6,12.7,12.4,12.4,12.8,13.1,12.4,13.6,12.9,12.8,11.7,12.8,13,12.8,13,12.4,13.4,12.6,12.3,12.7,13.3,12.7,12.9,13.1,12.8,12.8,12.4,12.4,12.9,11.8,12.3,12.1,11.7,12.9,12,11.6,12.6,12.7,11.9,12.3,12.4,12.4,12.2,12.3,12.1,12.8,12.2,13.6,12.9,12.8,12.1,12.7,12.6,13.2,13,12.5,12.4,13,12.9,13.3,13.3,13.1,12.8,12.9,12.8,13.3,13.3,13.4,13.4,13,12.9,13.4,12.7,12.6,13.9,13.4,13.6,13.1,12.9,13.4,12.8,12.9,12.6,13.4,13,13.7,13.9,13.5,13.4,13.2,13.1,13.8,13.3,14.1,13.3,14,13.4,13.5,13.7
90186,WARRNAMBOOL AIRPORT,-38.29,142.45,VIC,19100101,13.5,13.3,13.2,13.1,13.6,13.2,13.1,13,13.7,13.6,13.3,14,13.4,13.3,12.8,13.3,13.6,13.1,13.5,12.7,13.5,12.9,13.2,13,13.8,13.3,13.2,13.2,13.3,13,12.7,12.9,13.1,12.2,12.6,12.6,12.5,13.4,12.4,12.4,13.3,13.4,13.1,12.9,13.1,13.5,12.9,12.9,13,13.8,12.8,13.8,13.3,13.2,12.5,12.9,12.9,13.3,13.3,12.9,12.8,13.5,13.8,13.4,13.6,13.5,13.3,13,13,13.5,13.6,13.9,13.4,13.4,12.9,13.3,12.5,12.9,14,13.5,13.8,13.2,13.1,13.5,13,12.9,12.8,13.4,13.1,13.8,14.1,13.9,13.2,13.3,99999.9,13.9,13.1,14.1,13.4,14,13.6,13.9,14
91104,LAUNCESTON AIRPORT,-41.54,147.2,TAS,19100101,11.6,11.3,11.3,10.8,11.7,11,11.1,11.3,11.3,11.6,11.3,11.9,11.4,11,10.6,11.1,11.6,10.8,11.3,10.4,11.3,10.8,11.1,10.8,11.5,11.1,11.1,11.3,11.4,11.3,10.8,11.1,11.4,10.8,10.8,10.6,10.5,11.2,10.5,10.3,11,11,10.7,10.9,11.1,11,11.1,10.6,10.8,11.4,11,12,11.3,11.1,10.7,11.1,11.4,11.4,11.1,11.3,10.9,11.6,11.9,11.9,11.9,11.3,11.3,11.3,11.6,11.8,12,12.2,11.8,11.5,11.4,11.8,11.1,11.4,12.8,12,11.9,11.6,11.4,11.9,11.6,11.2,11.1,11.7,11.8,12,12,11.8,11.9,11.9,11.4,12,11.3,12.6,11.8,99999.9,99999.9,99999.9,99999.9
91293,LOW HEAD,-41.06,146.79,TAS,19100101,13,12.5,12.4,12.2,12.8,12.4,12.5,12.6,12.9,13.1,12.7,13.3,13,12.4,12.1,12.2,12.8,12.2,13.2,12.3,12.9,12.4,12.6,12.3,13,12.8,12.7,12.7,12.4,12.9,12.6,12.5,12.6,12.2,12.1,12,11.9,12.9,12.3,11.9,12.6,12.9,12.4,12.6,12.8,12.8,13,99999.9,12.7,13.4,12.8,13.7,13.1,12.8,12.5,12.6,12.9,13,12.8,13.1,13.1,13.3,13.4,99999.9,13.4,12.9,13,12.5,12.7,12.9,13.1,13.5,12.9,12.9,13,13.2,12.9,13.1,14.1,13.5,13.4,12.9,12.8,13.4,12.9,12.6,12.7,13,13.1,13.8,13.8,13.6,13.4,13.4,13.1,13.7,13,13.9,13.4,13.8,13.8,13.6,13.7
94029,HOBART (ELLERSLIE R,-42.89,147.33,TAS,19100101,12.8,12.3,12.5,12.3,12.8,12.4,12.4,12.5,12.7,13.2,12.8,13.2,12.8,12.4,12.1,12.2,12.9,12.3,13,12.3,12.9,12.2,12.6,12.2,12.9,12.5,12.5,12.5,12.9,12.7,12.8,12.6,13,12.3,12.4,12.5,12.2,13.1,12.5,12.2,12.8,12.8,12.4,12.5,12.8,12.6,12.6,12.5,12.3,12.9,12.8,13.5,12.9,12.5,12.4,12.7,12.8,13,12.6,12.7,12.5,12.9,13.3,13.1,13.1,13.1,12.6,12.9,12.8,13.1,13.5,13.4,13.1,12.8,12.8,12.7,12.7,12.9,13.8,13.3,13.3,12.9,12.4,13.5,13,12.3,12.4,12.9,12.8,13.5,13.6,13.3,13.5,13.2,12.6,13.4,12.6,13.5,13.3,13.4,13.6,13.3,13.7
94198,CAPE BRUNY (CAPE BR,-43.49,147.14,TAS,19240101,11.5,11.2,11.9,11.3,12,11.5,12.1,11.3,11.8,11.3,12.1,11.8,11.6,11.7,12.2,11.9,11.8,11.4,11.6,11.1,11.3,11.4,10.9,12.1,11.6,11,11.9,11.9,11.5,11.6,11.7,11.6,11.9,11.6,11.4,12.1,11.9,12.5,11.8,11.6,11.3,11.5,11.9,12,11.9,11.9,11.9,12.4,12.4,12.5,12.5,12.3,12,12.2,12,12.3,12.4,12.7,12.2,12,12.1,12.3,11.9,11.9,12.9,12.8,12.4,12.1,11.9,12.6,12.1,11.6,11.6,11.9,12.3,12.9,12.8,12.8,12.8,12.5,12,12.8,12,13.1,12.4,12.6,12.8,12.4,99999.9,,,,,,,,,,,,,,
97072,STRAHAN AERODROME,-42.16,145.29,TAS,19100101,12.2,12.1,12.1,11.4,12.1,11.5,11.9,12,12.3,12.4,11.9,12.3,12.3,11.7,11.5,11.5,12,11.5,12.4,11.6,11.9,11.3,11.7,11.4,12.3,11.9,11.9,12.2,12.3,12.2,11.8,11.6,12,11.4,11.6,11.5,11.4,12.4,11.8,11.4,12.2,12.1,11.8,11.9,12,11.9,12.4,11.9,11.5,12.3,12.1,12.9,12.4,12,11.8,11.8,12,12.1,12.1,12.1,11.7,12.6,12.7,12.4,12.5,12.2,12,11.9,11.6,12.3,12.7,12.7,12.3,12.5,11.6,12,11.6,11.8,13.1,12.8,12.9,11.9,11.6,12.2,12.1,11.8,11.9,12.1,11.9,12.6,12.6,12.6,12.5,12.2,11.9,12.6,11.7,12.6,12,12.4,12.4,12.4,12.6
98017,KING ISLAND AIRPORT,-39.88,143.88,TAS,19140101,13.6,13,99999.9,99999.9,13.5,13.3,13,13.8,13,12.5,12.1,12.6,13,12.6,99999.9,99999.9,13.1,12.3,12.6,12.6,13.4,13,13,12.8,13,13.2,12.7,12.8,12.9,12.2,12.5,12.4,12.3,13.3,12.6,11.9,12.9,12.9,99999.9,12.6,12.5,12.7,12.7,12.9,12.4,13,99999.9,13.8,12.9,12.8,12.6,12.9,12.9,13,12.5,13,99999.9,13.1,99999.9,99999.9,13.6,13.2,13.4,13.1,13.1,13.4,13.7,13.9,13.5,13.3,13.4,13.4,12.9,12.9,14,13.7,13.6,13,12.7,99999.9,12.9,12.6,12.7,13.1,12.9,13.7,13.7,13.6,13.3,13.3,12.9,13.7,12.9,14,13.4,13.7,13.6,13.5,13.7,,,,
